User,Title,Category,Quantity,RecipeMethod,Ingredients,Calories,Proteins,Fats,Carbs,Allergies,Breakfast,Lunch,Dinner,Likes,ServingSize,Approve,Image,Calorie_Category
admin214,Hard-boiled egg with a side of sliced grapefruit,Eggs and Meat,"[""1 large egg, hard-boiled"",""1/2 grapefruit, sliced""]","[""Fill a small pot with water and place it over high heat to boil."",""Once the water is boiling, carefully add the egg to the pot using a spoon or tongs."",""Boil the egg for 8-10 minutes."",""While the egg is boiling, slice the grapefruit in half and then slice one half into segments."",""Once the egg is boiled, remove it from the pot using a spoon or tongs and place it in a bowl of cold water to cool."",""Once the egg has cooled, peel off the shell."",""Serve the hard-boiled egg with the sliced grapefruit on the side."",""Enjoy!""]","[""egg"",""grapefruit""]",110,7.1,4.9,10.3,"[""Egg Allergy""]",1,0,0,0,1 to 2,1,,Lose Weight
admin229,Mushroom and Spinach Frittata,"Vegetables, Rice and Tacos","[""6 large eggs"",""1/2 cup chopped mushrooms"",""1/2 cup chopped spinach"",""1/4 cup diced onions"",""1 clove minced garlic"",""1 tablespoon olive oil"",""Salt and pepper to taste"",""1/4 cup shredded low-fat cheese""]","[""Preheat oven to 350°F (175°C)."", ""In a skillet over medium heat, add olive oil and cook mushrooms, spinach, onions, and garlic until tender, stirring occasionally."",""In a separate bowl, whisk eggs and season with salt and pepper."",""Add cooked vegetables to the egg mixture and mix well."",""Pour the egg and vegetable mixture into a greased 8-inch baking dish."",""Sprinkle shredded cheese on top."",""Bake for 20-25 minutes or until the frittata is set and the cheese is melted"", ""Serve hot.""]","[""eggs"",""mushrooms"",""spinach"",""onions"",""garlic"",""olive oil"",""Salt and pepper"",""low-fat cheese""]",120,10,7,3,"[""None""]",0,1,1,0,1 to 2,1,,Lose Weight
admin217,Black Bean and Sweet Potato Tacos,Pasta and Salads,"[""2 medium sweet potatoes, peeled and cubed"",""1 tablespoon olive oil"",""1 can black beans, drained and rinsed"",""1/2 teaspoon ground cumin"",""1/4 teaspoon smoked paprika"", ""Salt and pepper, to taste"",""8 small corn tortillas""]","[""Preheat oven to 400°F (200°C)."",""Toss sweet potato cubes with olive oil and spread them out on a baking sheet. Bake for 20-25 minutes, or until tender and lightly browned."",""While the sweet potatoes are baking, heat a can of black beans over medium heat in a saucepan. Add cumin, smoked paprika, salt, and pepper to taste, and cook until heated through, stirring occasionally."",""To assemble tacos, warm tortillas in a dry skillet over medium-high heat. Fill each tortilla with a scoop of black beans and a scoop of sweet potatoes. Add any toppings you desire."",""Serve immediately and enjoy!""]","[""sweet potatoes"",""olive oil"",""black beans"",""ground cumin"",""smoked paprika"", ""Salt and pepper"",""corn tortillas""]",135,4,3,25,"[""None""]",0,1,1,0,1 to 2,1,,Lose Weight
admin205,Poached eggs with steamed asparagus,Eggs and Meat,"[""2 large eggs"",""6-8 asparagus spears"",""1/2 tablespoon white vinegar"",""Salt and black pepper to taste""]","[""Fill a large saucepan with 2 inches of water and bring to a gentle simmer over medium heat.Meanwhile, wash the asparagus spears and trim the tough ends.Once the water is simmering, add the white vinegar to the saucepan. Crack each egg into a small ramekin or cup.Gently slide each egg into the simmering water, one at a time."",""Let the eggs cook for 3-4 minutes for a runny yolk, or 5-6 minutes for a firmer yolk. While the eggs are cooking, place the asparagus spears in a steamer basket and steam them for 3-5 minutes, until they are tender but still crisp."",""Remove the asparagus from the steamer basket and season with salt and black pepper.Using a slotted spoon, remove the poached eggs from the water and place them on top of the steamed asparagus.Season the eggs with salt and black pepper."",""Serve and enjoy!""]","[""eggs"",""asparagus spears"",""white vinegar"",""Salt and black pepper to taste""]",168,15.1,9.7,5.5,"[""None""]",1,0,0,0,1 to 2,1,,Lose Weight
admin215,Banana pancakes made with mashed bananas and egg whites,Cakes and Pies,"[""1 large banana, mashed"",""2 egg whites"",""1/4 teaspoon vanilla extract"",""1/4 teaspoon cinnamon (optional)"",""Cooking spray or butter for the pan""]","[""In a medium bowl, mash the banana with a fork until it is mostly smooth."",""Add the egg whites, vanilla extract, and cinnamon (if using) to the bowl with the mashed banana and whisk until the mixture is well combined."",""Heat a nonstick skillet or griddle over medium heat and spray with cooking spray or melt butter to coat the pan."",""Use a 1/4 cup measuring cup to pour the pancake batter onto the skillet."",""Cook for 2-3 minutes, or until the edges start to set and the pancakes are golden brown on the bottom."",""Use a spatula to flip the pancakes and cook for another 1-2 minutes, or until the other side is golden brown."",""Repeat with the remaining batter, making sure to re-spray the skillet with cooking spray or add more butter between batches."",""Serve the pancakes warm with your choice of toppings, such as fresh berries or a drizzle of honey.""]","[""banana"",""egg whites"",""vanilla extract"",""cinnamon""]",174,7.3,2.6,32.6,"[""Egg Allergy""]",1,0,0,0,1 to 2,1,,Lose Weight
admin211,Breakfast wrap with scrambled eggs,Eggs and Meat,"[""2 egg whites"",""1/4 cup diced tomatoes"",""1 whole wheat wrap""]","[""In a bowl, whisk the egg whites until light and fluffy."",""Heat a non-stick skillet over medium-high heat and spray with cooking spray."",""Pour the egg whites into the skillet and scramble until fully cooked."",""Add the diced tomatoes to the skillet and cook for 1-2 minutes, or until the tomatoes are slightly softened."",""Place the cooked egg whites and tomatoes in the center of the whole wheat wrap."",""Roll up the wrap tightly and slice in half, if desired."",""Serve and enjoy!""]","[""egg whites"",""tomato"",""whole wheat wrap""]",183,10.2,4,27,"[""Egg Allergy""]",1,0,0,0,1 to 2,1,,Lose Weight
admin230,Baked Falafel,"Vegetables, Rice and Tacos","[""1 can chickpeas"",""1/4 cup chopped onion"",""2 cloves garlic"",""2 tbsp chopped parsley"",""1 tbsp lemon juice"",""1 tsp ground cumin"",""1 tsp ground coriander"",""1/2 tsp salt"",""1/4 tsp black pepper"",""2 tbsp whole wheat flour"",""2 tbsp olive oil""]","[""Preheat the oven to 375°F."",""In a food processor, pulse the chickpeas, onion, garlic, parsley, lemon juice, cumin, coriander, salt, and black pepper until it forms a coarse mixture."",""Add the flour to the mixture and pulse again to combine."",""Form the mixture into small balls and flatten into patties."",""Place the patties on a baking sheet lined with parchment paper."",""Brush each patty with olive oil."",""Bake for 20 minutes, flip the patties over, and bake for an additional 10-15 minutes until golden brown.""]","[""chickpeas"",""onion"",""garlic"",""parsley"",""lemon juice"",""cumin"",""coriander"",""salt"",""black pepper"",""wheat flour"",""olive oil""]",190,7,8,25,"[""None""]",0,1,1,0,1 to 2,1,,Lose Weight
admin203,Cottage cheese with sliced peaches and a few almonds,Eggs and Meat,"[""1/2 cup low-fat cottage cheese"",""1 medium peach, sliced"",""1 tablespoon chopped almonds""]","[""In a bowl, add the low-fat cottage cheese."",""Wash the peach, slice it into bite-sized pieces, and add it on top of the cottage cheese."",""Sprinkle the chopped almonds on top."",""Serve and enjoy!""]","[""low-fat cottage cheese"",""peach"",""almonds""]",202,15,7.5,21.6,"[""Lactose Intolerant"", ""Nut Allergy""]",1,0,0,0,1 to 2,1,,Lose Weight
admin204,"Green smoothie made with spinach, banana, almond milk, and chia seeds",Cakes and Pies,"[""2 cups fresh baby spinach"",1 ripe banana, peeled and sliced"",""1 cup unsweetened almond milk"",""1 tablespoon chia seeds""]","[""Add the fresh baby spinach, sliced banana, almond milk, and chia seeds to a blender."",""Blend all the ingredients until the mixture is smooth and creamy."",""Pour the smoothie into a glass and serve.""]","[""spinach"",banana"",""almond milk"",""chia seeds""]",202,5.2,6.8,34.9,"[""None""]",1,0,0,0,1 to 2,1,,Lose Weight
admin228,Grilled Chicken Caesar Salad,Soups and Sandwiches,"[""2 boneless, skinless chicken breasts"",""1 head of romaine lettuce"",""1/4 cup of grated parmesan cheese"",""1/2 cup of croutons"",""Caesar dressing (homemade or store-bought)"",""Salt and pepper"",""Olive oil""]","[""Preheat grill to medium-high heat."",""Brush chicken with olive oil and season with salt and pepper."",""Grill chicken for 6-8 minutes per side or until fully cooked."",""Let the chicken rest for a few minutes, then slice into thin strips."",""In a large bowl, combine chopped romaine lettuce, grated parmesan cheese, and croutons."",""Add the grilled chicken to the bowl and toss everything together."",""Drizzle with Caesar dressing and serve.""]","[""chicken breasts"",""romaine lettuce"",""parmesan cheese"",""croutons"",""Caesar dressing"",""Salt and pepper"",""Olive oil""]",221,25,8,11,"[""None""]",0,1,1,0,1 to 2,1,,Lose Weight
admin206,"Quinoa bowl with diced apples, cinnamon, and almond milk",Soups and Sandwiches,"[""1/2 cup cooked quinoa"",""1 medium apple, diced"",""1/2 teaspoon ground cinnamon"",""1/2 cup unsweetened almond milk""]","[""In a small saucepan, warm up the cooked quinoa over low heat."",""Add the diced apple to the saucepan and stir to combine."",""Sprinkle the ground cinnamon on top of the mixture and stir to evenly distribute."",""Pour the almond milk over the quinoa mixture and stir to combine."",""Cook the mixture over low heat until the almond milk is absorbed and the quinoa is warm."",""Transfer the mixture to a bowl and serve.""]","[""quinoa"",""apple"",""ground cinnamon"",""unsweetened almond milk""]",227,5.3,3.4,47.2,"[""Nut Allergy""]",1,1,1,0,1 to 2,1,,Lose Weight
admin208,Whole wheat toast with almond butter and sliced banana,Soups and Sandwiches,"[""1 slice of whole wheat bread"",""1 tablespoon almond butter"",""1/2 banana, sliced""]","[""Toast the slice of whole wheat bread to your desired level of crispiness."",""Spread the almond butter on top of the toast."",""Arrange the sliced banana on top of the almond butter."",""Serve and enjoy!""]","[""whole wheat bread"",""almond butter"",""banana""]",230,8,29.9,10.2,"[""Nut Allergy""]",1,0,0,0,1 to 2,1,,Lose Weight
admin219,Grilled Shrimp Salad,Pasta and Salads,"[""1 lb large shrimp, peeled and deveined"",""2 tablespoons olive oil"",""1/2 teaspoon garlic powder"",""1/2 teaspoon smoked paprika"",""Salt and pepper, to taste"",""6 cups mixed greens"",""1 cup cherry tomatoes, halved"",""1 avocado, diced"",""1/4 red onion, thinly sliced"",""2 tablespoons chopped fresh parsley"",""2 tablespoons lemon juice"",""1 tablespoon Dijon mustard"",""1 tablespoon honey""]","[""Preheat grill or grill pan to medium-high heat."",""In a bowl, toss shrimp with olive oil, garlic powder, smoked paprika, salt, and pepper until well coated."",""Grill shrimp for 2-3 minutes per side, or until cooked through and slightly charred."",""In a large bowl, combine mixed greens, cherry tomatoes, avocado, red onion, and chopped parsley."",""In a small bowl, whisk together lemon juice, Dijon mustard, honey, salt, and pepper to make the dressing."",""Add the grilled shrimp to the salad, drizzle with dressing, and toss to combine."",""Serve immediately.""]","[""shrimps"",""olive oil"",""garlic powder"",""smoked paprika"",""Salt and pepper"",""tomato"",""avocado"",""red onion"",""parsley"",""lemon juice"",""Dijon mustard"",""honey""]",236,20,14,12,"[""None""]",0,1,1,0,1 to 2,1,,Lose Weight
admin210,Low-fat yogurt with granola and sliced strawberries,Eggs and Meat,"[""1/2 cup low-fat plain yogurt"",""1/4 cup granola"",""4-5 sliced strawberries""]","[""In a bowl, add the low-fat plain yogurt."",""Add the granola on top of the yogurt."",""Arrange the sliced strawberries on top of the granola."",""Serve and enjoy!""]","[""low-fat plain yogurt"",""granola"",""strawberries""]",246,11,9,30,"[""Lactose Intolerant""]",1,0,0,0,1 to 2,1,,Lose Weight
admin221,Baked Salmon with Roasted Brussels Sprouts,Eggs and Meat,"[""4 fish fillets"",""1 tablespoon olive oil"",""1/2 teaspoon salt"",""1/4 teaspoon black pepper"",""1/2 teaspoon garlic powder"",""1/2 teaspoon dried thyme"",""1/2 teaspoon paprika"",""1 lb Brussels sprouts"",""1 tablespoon balsamic vinegar"",""1 tablespoon honey""]","[""Preheat oven to 400°F (200°C)."",""Place the cod fillets in a baking dish."",""Drizzle olive oil over the cod and sprinkle with salt, pepper, garlic powder, thyme, and paprika."",""Arrange the halved Brussels sprouts around the cod fillets."",""In a small bowl, whisk together the balsamic vinegar and honey."",""Drizzle the balsamic-honey mixture over the Brussels sprouts."",""Bake for 15-20 minutes, or until the cod is cooked through and the Brussels sprouts are tender."",""Serve hot.""]","[""fish fillets"",""olive oil"",""salt"",""black pepper"",""garlic powder"",""dried thyme"",""paprika"",""Brussels sprouts"",""balsamic vinegar"",""honey""]",250,30,7,19,"[""None""]",0,1,1,0,1 to 2,1,,Lose Weight
admin225,Mushroom and Spinach Quesadilla,Soups and Sandwiches,"[""1 large whole wheat tortilla"",""1 cup sliced mushrooms"",""1 cup fresh spinach leaves"",""1/4 cup diced onion"",""1/4 cup shredded reduced-fat cheddar cheese"",""1 tablespoon olive oil""]","[""In a skillet over medium heat, add olive oil and diced onion. Cook until the onion is translucent."",""Add sliced mushrooms to the skillet and cook until they are soft.","[""whole wheat tortilla"",""mushrooms"",""spinach"",""onion"",""cheddar cheese"",""olive oil""]",250,10,10,31,"[""None""]",0,1,1,0,1 to 2,1,,Lose Weight
admin202,Oatmeal with sliced bananas and a sprinkle of cinnamon,Eggs and Meat,"[""1/2 cup rolled oats"",""1 cup water"",""1 medium banana, sliced"",""1/4 teaspoon ground cinnamon""]","[""In a small saucepan, combine the rolled oats and water."",""Bring the mixture to a boil over medium-high heat, then reduce the heat to low."",""Simmer the oats for about 5 minutes, stirring occasionally, until the oats are tender and the water is absorbed."",""Remove the saucepan from the heat and let it cool for a minute or two."",""Divide the oatmeal into bowls and top with sliced bananas."",""Sprinkle cinnamon on top of the bananas."",""Serve and enjoy!""]","[""rolled oats"",""water"",""banana"",""ground cinnamon""]",255,6.8,3.1,54.7,"[""None""]",1,0,0,0,1 to 2,1,,Lose Weight
admin220,Turkey and Vegetables,Eggs and Meat,"[""1 lb turkey breast, sliced into thin strips"",""2 tablespoons vegetable oil"",""1 red bell pepper, sliced"",""1 green bell pepper, sliced"",""1 small onion, sliced"",""2 cups broccoli florets"",""1 cup sliced mushrooms"",""1 teaspoon minced garlic"",""2 tablespoons low-sodium soy sauce"",""1 tablespoon cornstarch"",""1/2 cup low-sodium chicken broth"",""Salt and pepper, to taste""]","[""In a large skillet or wok, heat vegetable oil over medium-high heat."",""Add turkey strips and cook until browned on all sides, about 5-7 minutes. Remove from skillet and set aside."",""Add red and green bell peppers, onion, broccoli, mushrooms, and garlic to the skillet. Cook until vegetables are tender-crisp, about 5-7 minutes."",""In a small bowl, whisk together soy sauce, cornstarch, and chicken broth until well combined."",""Return the turkey to the skillet with the vegetables, and pour the soy sauce mixture over everything."",""Stir to combine and cook until the sauce has thickened, about 2-3 minutes."",""Season with salt and pepper to taste."",""Serve hot with brown rice or quinoa.""]","[""turkey"",""vegetable oil"",""red bell pepper"",""green bell pepper"",""onion"",""broccoli florets"", ""mushrooms"",""garlic"",""soy sauce"",""cornstarch"",""chicken broth"",""Salt and pepper""]",255,30,9,14,"[""None""]",0,1,1,0,1 to 2,1,,Lose Weight
admin216,Grilled Chicken and Veggie Skewers,Eggs and Meat,"[""1 lb. boneless, skinless chicken breast, cut into cubes"",""1 red bell pepper, cut into cubes"",""1 green bell pepper, cut into cubes"",""1 onion, cut into cubes"",""1 zucchini, sliced"",""1 yellow squash, sliced"",""Salt and pepper, to taste"",""Olive oil, for brushing"",""Skewers, soaked in water""]","[""Preheat grill to medium-high heat."",""In a bowl, whisk together olive oil, lemon juice, minced garlic, honey, dried oregano, salt and pepper."",""Thread chicken and vegetables onto skewers, alternating between chicken and veggies."",""Brush skewers with olive oil and season with salt and pepper."",""Brush marinade onto the skewers, making sure to coat each piece."",""Grill the skewers for about 10-15 minutes, turning occasionally, until chicken is cooked through and veggies are tender and slightly charred."",""Serve hot and enjoy!""]","[""chicken breast"",""bell pepper"",""green bell pepper"",""onion"",""zucchini"",""yellow squash"",""Salt and pepper"",""Olive oil"",""Skewers""]",259,27,10,16,"[""None""]",0,1,1,0,1 to 2,1,,Lose Weight
admin218,Lentil Salad with Roasted Vegetables,Pasta and Salads,"[""1 cup green lentils"",""3 cups mixed vegetables (such as cherry tomatoes, bell peppers, zucchini, and eggplant)"",""1 red onion, chopped"",""2 tablespoons olive oil"",""Salt and pepper, to taste"",""2 tablespoons balsamic vinegar"",""2 tablespoons Dijon mustard"",""1 tablespoon honey"",""1/4 cup chopped fresh parsley"",""1/4 cup crumbled feta cheese (optional)""]","[""Preheat oven to 400°F (200°C)."",""Rinse lentils and cook them in boiling water for 20-25 minutes, or until tender. Drain and set aside."",""Toss chopped vegetables and onion with olive oil, salt, and pepper, and spread them out on a baking sheet. Roast for 20-25 minutes, or until tender and lightly browned."",""In a small bowl, whisk together balsamic vinegar, Dijon mustard, honey, and a pinch of salt."",""In a large bowl, combine cooked lentils, roasted vegetables, and chopped parsley. Drizzle with the balsamic dressing and toss to combine."",""Sprinkle with crumbled feta cheese, if desired."",""Serve immediately or refrigerate until ready to serve.""]","[""green lentils"",""red onion"",""olive oil"",""Salt and pepper"",""balsamic vinegar"",""Dijon mustard"",""honey"",""parsley"",""feta cheese""]",263,13,8,39,"[""None""]",0,1,1,0,1 to 2,1,,Lose Weight
admin139,Egg Soup,Soups and Sandwiches,"[""2 cups chicken broth"", ""1 tbsp cornstarch"", ""1 well beaten egg"", ""2 tbsp sliced green onion""]","[""In saucepan slowly stir the chicken broth into cornstarch. Cook, stirring constantly, until slightly thickened."", ""Slowly pour in the well beaten egg; stir once gently."", ""Remove from heat. Garnish with sliced green onion."", ""Makes 4 servings.""]","[""chicken broth"", ""cornstarch"", ""egg"", ""green onion""]",269,17.7,9.9,25.4,"[""Egg Allergy""]",0,1,1,0,2 to 3,1,,Lose Weight
admin226,Turkey Chili,Eggs and Meat,"[""1 pound ground turkey"",""15 oz black beans"",""15 oz kidney beans"",""15 oz diced tomatoes"",""1 cup chopped onion"",""1 cup chopped bell pepper"",""2 cloves garlic, minced"",""1 tablespoon chili powder"",""1 teaspoon cumin"",""1/4 teaspoon cayenne pepper"",""Salt and pepper"",""1 cup water"",""1 tablespoon olive oil""]","[""Heat olive oil in a large pot over medium heat."",""Add ground turkey and cook until browned, breaking it up into small pieces as it cooks."",""Add onions, bell peppers, and garlic to the pot and cook until softened."",""Stir in the chili powder, cumin, cayenne pepper, salt, and black pepper."",""Add the beans, tomatoes, and water to the pot and stir to combine."",""Bring the mixture to a simmer and let cook for 30-45 minutes."",""Serve hot with toppings of your choice, such as shredded cheese, avocado, or cilantro.""]","[""turkey"",""black beans"",""kidney beans"",""tomato"",""onion"",""bell pepper"",""garlic"",""chili powder"",""cumin"",""cayenne pepper"",""Salt and pepper"",""water"",""olive oil""]",280,22,6,35,"[""None""]",0,1,1,0,1 to 2,1,,Lose Weight
admin223,Grilled Veggie Burger,Soups and Sandwiches,"[""1/2 cup cooked quinoa"",""1 can black beans, drained and rinsed"",""1/2 red onion, finely chopped"",""1/2 red bell pepper, finely chopped"",""1 garlic clove, minced"",""1 tsp ground cumin"",""1 tsp smoked paprika"",""1/4 tsp salt"",""1/4 tsp black pepper"",""1/4 cup breadcrumbs"",""1 egg"",""4 whole wheat hamburger buns"",""4 slices of tomato"",""4 lettuce leaves""]","[""Preheat the grill to medium-high heat."",""In a large bowl, mash the black beans with a fork or potato masher until they are mostly broken up."",""Add cooked quinoa, red onion, red bell pepper, garlic, cumin, smoked paprika, salt, black pepper, breadcrumbs, and egg. Mix well."",""Divide the mixture into 4 equal portions and shape each portion into a patty."",""Grill the patties for 4-5 minutes on each side, or until browned and heated through."",""Toast the buns lightly on the grill."",""Assemble the burgers with a patty, tomato slice, lettuce leaf, and any additional toppings you prefer."",""Serve immediately.""]","[""quinoa"",""black beans"",""red onion"",""red bell pepper"",""garlic clove"",""ground cumin"",""smoked paprika"",""salt"",""black pepper"",""breadcrumbs"",""egg"",""whole wheat hamburger buns"",""tomato"",""lettuce leaves""]",295,17,7,43,"[""None""]",0,1,1,0,1 to 2,1,,Lose Weight
admin224,Cilantro Lime Shrimp with Quinoa,Eggs and Meat,"[""1 lb shrimp, peeled and deveined"",""1 cup quinoa"",""2 cups chicken broth"",""1/4 cup freshly squeezed lime juice"",""1/4 cup chopped cilantro"",""2 tbsp olive oil"",""2 cloves garlic, minced"",""1 tsp honey"",""Salt and pepper, to taste""]","[""Rinse quinoa thoroughly in a fine mesh strainer and drain well.In a medium saucepan, bring the water or chicken broth to a boil over high heat. Add the quinoa, reduce heat to low, cover and simmer until the water is absorbed, about 15-20 minutes."",""In a small bowl, whisk together lime juice, cilantro, olive oil, garlic, honey, salt, and pepper."",""In a large bowl, combine cooked quinoa and shrimp. Pour the lime-cilantro mixture over the quinoa and shrimp, and toss to coat."",""Heat a non-stick skillet over medium-high heat. Add the shrimp mixture and cook until the shrimp are pink and opaque, about 2-3 minutes per side."",""Serve hot and enjoy!""]","[""shrimp"",""quinoa"",""chicken broth"",""lime juice"",""chopped cilantro"",""olive oil"",""garlic"",""honey"",""Salt and pepper""]",305,24,9,31,"[""None""]",0,1,1,0,1 to 2,1,,Lose Weight
admin222,Chickpea and Quinoa Salad,Pasta and Salads,"[""1 cup quinoa, rinsed and drained"",""2 cups water"",""1 can chickpeas, drained and rinsed"",""1 red bell pepper, diced"",""1 small red onion, diced"",""1/2 cup chopped fresh parsley"",""1/4 cup chopped fresh mint"",""1/4 cup chopped fresh cilantro"",""1/4 cup lemon juice"",""1/4 cup olive oil"",""1/2 teaspoon salt"",""1/4 teaspoon black pepper""]","[""In a medium saucepan, bring the quinoa and water to a boil over high heat."",""Reduce the heat to low, cover, and simmer for about 15-20 minutes, or until the quinoa is tender and the water is absorbed."",""Fluff the quinoa with a fork and let cool."",""In a large bowl, combine the cooled quinoa, chickpeas, red bell pepper, red onion, parsley, mint, and cilantro."",""In a small bowl, whisk together the lemon juice, olive oil, salt, and black pepper."",""Drizzle the dressing over the salad and toss to combine."",""Serve chilled.""]","[""quinoa"",""chickpeas"",""red bell pepper"",""red onion"",""parsley"",""fresh mint"",""cilantro"",""lemon juice"",""olive oil"",""salt"",""black pepper""]",335,10,14,46,"[""None""]",0,1,1,0,1 to 2,1,,Lose Weight
admin207,"Vegetable omelette with mushrooms, peppers, onions, and a sprinkle of low-fat cheese",Eggs and Meat,"[""2 large eggs"",""1/4 cup sliced mushrooms"",""1/4 cup diced red bell pepper"",""1/4 cup diced onion"",""1 tablespoon olive oil"",""1 tablespoon low-fat shredded cheese"",""Salt and black pepper to taste""]","[""In a non-stick skillet, heat the olive oil over medium heat."",""Add the sliced mushrooms, diced red bell pepper, and diced onion to the skillet."",""Saute the vegetables for 3-4 minutes, until they are tender and slightly browned."",""In a bowl, beat the eggs with a pinch of salt and black pepper."",""Pour the beaten eggs into the skillet with the vegetables."",""Let the eggs cook for 2-3 minutes, until the bottom is set."",""Sprinkle the shredded cheese on top of the omelette."",""Using a spatula, fold the omelette in half and let it cook for another minute or two, until the cheese is melted and the eggs are cooked through."",""Slide the omelette onto a plate and serve.""]","[""eggs"",""mushrooms"",""red bell pepper"",""onion"",""olive oil"",""low-fat shredded cheese"",""Salt and black pepper to taste""]",355,17.5,8.2,28.4,"[""Egg Allergy""]",1,0,0,0,1 to 2,1,,Lose Weight
admin200,Greek Yogurt with Berries,Eggs and Meat,"[""1 cup plain Greek yogurt"",""1/2 cup mixed berries "",""1 tablespoon honey""]","[""In a bowl, add the Greek yogurt."",""In a bowl, add the Greek yogurt."",""Add the mixed berries on top of the Greek yogurt."",""Drizzle honey on top of the berries.""]","[""Greek yogurt"",""Berries"",""Honey""]",357,21.6,15.5,37.5,"[""Lactose Intolerant""]",1,0,0,0,1 to 2,1,,Lose Weight
admin212,Chia seed pudding with sliced bananas and a sprinkle of cinnamon,Cakes and Pies,"[""1/4 cup chia seeds"",""1 cup unsweetened almond milk"",""1/2 teaspoon vanilla extract"",""1 tablespoon honey (optional)"",""1/2 medium banana, sliced"",""A sprinkle of cinnamon""]","[""In a bowl, mix the chia seeds, unsweetened almond milk, vanilla extract, and honey (if using) until well combined."",""Cover the bowl and refrigerate for at least 2 hours or overnight, until the mixture has thickened and the chia seeds have absorbed the liquid."",""Once the chia seed pudding has set, spoon it into a bowl or jar."",""Add the sliced banana on top of the chia seed pudding."",""Sprinkle cinnamon over the banana and chia seed pudding."",""Serve and enjoy!""]","[""chia seeds"",""almond milk"",""vanilla extract"",""honey"",""banana"",""cinnamon""]",398,10.1,17.6,56.1,"[""Nut Allergy""]",1,0,0,0,1 to 2,1,,Lose Weight
admin201,Avocado Toast,Soups and Sandwiches,"[""2 slices of whole wheat bread"",""1 avocado, mashed"",""4 egg whites"",""1/4 teaspoon salt"",""1/4 teaspoon black pepper"",""1/4 teaspoon garlic powder"",""1 tablespoon olive oil""]","[""Toast the whole wheat bread and set aside."",""In a small bowl, whisk the egg whites, salt, black pepper, and garlic powder together.,""Heat the olive oil in a non-stick pan over medium heat."",""Pour the egg mixture into the pan and scramble the eggs until they are fully cooked."",""Spread the mashed avocado on each slice of toast."",""Top each slice of toast with the scrambled egg whites."",""Add optional toppings like sliced cherry tomatoes, chopped cilantro, and hot sauce."",""Serve and enjoy!""]","["" whole wheat bread"",""avocado"",""egg whites"",""salt"",""black pepper"",""garlic powder"",""olive oil""]",400,23.7,45.5,46.3,"[""Egg Allergy""]",1,0,0,0,1 to 2,1,,Lose Weight
admin227,Vegetarian Curry,"Vegetables, Rice and Tacos","[""1 cup brown rice"",""1 tbsp olive oil"",""1 onion, chopped"",""3 garlic cloves, minced"",""2 tbsp curry powder"",""1 tbsp ground cumin"",""1 tsp ground coriander"",""1/4 tsp cayenne pepper"",""1 can (15 oz) chickpeas"",""1 can (14.5 oz) diced tomatoes"",""1 can (14 oz) light coconut milk"",""2 cups chopped vegetables (such as zucchini, bell peppers, and carrots)"",""Salt and pepper to taste"",""Chopped fresh cilantro, for serving""]","[""Cook the brown rice according to package instructions."",""In a large skillet, heat the olive oil over medium heat. Add the onion and garlic and sauté until tender, about 5 minutes."",""Add the curry powder, cumin, coriander, and cayenne pepper to the skillet and stir until fragrant, about 1 minute."",""Add the chickpeas, diced tomatoes, coconut milk, and chopped vegetables to the skillet."",""Stir well to combine."",""Bring the mixture to a boil, then reduce the heat and simmer until the vegetables are tender, about 20 minutes."",""Season with salt and pepper to taste."",""Serve the curry over brown rice, garnished with chopped cilantro.""]","[""brown rice"",""olive oil"",""onion"",""garlic"",""curry powder"",""cumin"",""coriander"",""cayenne pepper"",""chickpeas"",""tomato"",""light coconut milk"",""chopped vegetables"",""Salt and pepper""]",400,13,12,63,"[""None""]",0,1,1,0,1 to 2,1,,Lose Weight
admin213,"Tofu scramble with spinach, mushrooms, and onions",Soups and Sandwiches,"[""8 oz firm tofu, drained and crumbled"",""1 cup fresh spinach leaves"",""1/2 cup sliced mushrooms"",""1/4 cup diced onions"",""1 garlic clove, minced"",""1/2 teaspoon turmeric"",""1/2 teaspoon paprika"",""Salt and pepper to taste"",""1 teaspoon olive oil""]","[""Heat the olive oil in a skillet over medium-high heat."",""Add the onions and garlic to the skillet and sauté for 2-3 minutes, or until the onions are translucent."",""Add the sliced mushrooms to the skillet and sauté for 2-3 minutes, or until the mushrooms are tender."",""Add the crumbled tofu to the skillet and stir to combine with the vegetables."",""Add the turmeric, paprika, salt, and pepper to the skillet and stir to evenly coat the tofu and vegetables with the spices."",""Cook for 5-7 minutes, or until the tofu is slightly browned and the vegetables are cooked."",""Add the spinach to the skillet and stir to combine with the tofu and vegetables."",""Cook for another 2-3 minutes, or until the spinach is wilted."",""Serve and enjoy!""]","[""tofu"",""spinach"",""mushrooms"",""onions"",""garlic clove"",""turmeric"",""paprika"",""Salt and pepper to taste"",""olive oil""]",412,42.2,24.8,15.5,"[""None""]",1,1,1,0,1 to 2,1,,Be Healthier
admin231,Peanut Butter and Banana Smoothie,Cakes and Pies,"[""1 frozen banana"",""1/2 cup unsweetened almond milk"",""1 tbsp natural peanut butter"",""1 scoop vanilla protein powder"",""1 tbsp chia seeds""]","[""Add frozen banana, almond milk, peanut butter, protein powder, and chia seeds to a blender and blend until smooth."",""Pour the mixture into a bowl and add toppings of your choice.""]","[""banana"",""unsweetened almond milk"",""peanut butter"",""vanilla protein powder"",""chia seeds""]",441,29,18,48,"[""Nut Allergy""]",1,1,1,0,1 to 2,1,,Be Healthier
admin157,Fried Cabbage,"Vegetables, Rice and Tacos","[""1 head cabbage"", ""1 onion"", ""1 bell pepper"", ""1 tomato"", ""2 tbsp sugar"", ""1 tsp salt"", ""1 tsp pepper""]","[""Chop or cut up in small pieces; let stand at least 1 hour. Put 3 tablespoons of oil in skillet and heat."", ""Drain vegetables. Put in skillet."", ""Add 1/2 cup water and cook 20 or 30 minutes.""]","[""cabbage"", ""onion"", ""bell pepper"", ""tomato"", ""sugar"", ""salt"", ""pepper""]",451,16.1,1.8,105.7,"[""None""]",0,1,1,0,2 to 3,1,,Be Healthier
admin232,Breakfast Burrito,Eggs and Meat,"[""2 large flour tortillas"",""4 large eggs"",""1/4 cup shredded cheddar cheese"",""1/4 cup diced ham"",""1/4 cup diced green bell pepper"",""1/4 cup diced onion"",""2 tablespoons olive oil"",""Salt and pepper, to taste""]","[""Heat olive oil in a large skillet over medium heat"",""Add diced onion and green bell pepper and sauté until softened."",""Add diced ham to the skillet and cook for a few minutes."",""In a separate bowl, whisk together eggs and pour them into the skillet."",""Scramble the eggs with the ham and vegetables until cooked through."",""Warm the tortillas in the microwave or on a skillet."",""Divide the egg mixture evenly between the tortillas."",""Sprinkle shredded cheddar cheese over the top of the egg mixture."",""Roll the tortillas up tightly to form burritos."",""Serve immediately.""]","[""tortillas"",""eggs"",""cheddar cheese"",""ham"",""green bell pepper"",""onion"",""olive oil"",""Salt and pepper""]",452,22,23,41,"[""Egg Allergy""]",1,0,0,0,1 to 2,1,,Be Healthier
admin209,Grilled chicken breast with sliced tomatoes and cucumber,Eggs and Meat,"[""1 boneless, skinless chicken breast"",""1/2 medium tomato, sliced"",""1/2 medium cucumber, sliced"",""1 tablespoon olive oil"",""Salt and black pepper to taste""]","[""Season the chicken breast with salt and black pepper on both sides."",Place the chicken breast on the grill or grill pan and cook for 4-5 minutes"",""Arrange the sliced tomato and cucumber on a plate."",""Place the sliced chicken breast on top of the vegetables."",""Serve and enjoy!""]","[""chicken breast"",""tomato"",""cucumber"",""olive oil"",""Salt and black pepper""]",478,62.7,20.9,7.6,"[""None""]",1,1,1,0,1 to 2,1,,Be Healthier
admin125,Corn and Egg Scramble,Eggs and Meat,"[""1 can corn"", ""4 egg, beaten"", ""1 tbsp olive oil"", ""1 tsp pepper"", ""1/2 tsp salt""]","[""Heat oil in a 10-inch nonstick skillet over medium."", ""Add corn and cook, stirring often, until slightly browned."", ""Add peppers and cook, stirring constantly."",  ""Add eggs and scramble""]","[""corn"", ""beaten"", ""olive oil"", ""pepper"", ""salt""]",522,26.8,32.8,34.9,"[""Egg Allergy""]",1,0,0,0,2 to 3,1,,Be Healthier
admin233,Loaded Omelete,Eggs and Meat,"[""2 large eggs"",""1/4 cup shredded cheddar cheese"",""1/4 cup diced ham"",""1/4 cup diced bell peppers"",""1/4 cup diced onion"",""1 tablespoon olive oil"",""Salt and pepper to taste""]","[""In a small bowl, whisk together the eggs with salt and pepper."",""Heat the olive oil in a non-stick skillet over medium heat."",""Add the diced onions and bell peppers and sauté for 2-3 minutes, until they start to soften."",""Add the diced ham to the skillet and cook for another 1-2 minutes."",""Pour the whisked eggs into the skillet and cook until set, about 2-3 minutes."",""Sprinkle the shredded cheddar cheese on top of the omelette and fold it in half."",""Cook for another minute or so until the cheese is melted""]","[""eggs"",""cheddar cheese"",""diced ham"",""bell peppers"",""onion"",""olive oil"",""Salt and pepper to taste""]",529,29.3,42.1,8.2,"[""Egg Allergy""]",1,0,0,0,1 to 2,1,,Be Healthier
admin237,Bagel with Cream Cheese and Smoked Salmon,Cakes and Pies,"[""1 bagel, sliced and toasted"", ""2 tbsp cream cheese"", ""2 oz smoked salmon"", ""1 tbsp chopped fresh chives"", ""1 slice of red onion"", ""1 slice of tomato""]","[""Spread the cream cheese evenly over the toasted bagel slices. Top with smoked salmon, red onion, tomato, and chopped chives. Serve and enjoy!""]","[""1 bagel, sliced and toasted"", ""2 tbsp cream cheese"", ""2 oz smoked salmon"", ""1 tbsp chopped fresh chives"", ""1 slice of red onion"", ""1 slice of tomato""]",550,31,15,32,"[""None""]",1,1,1,0,1 to 2,1,,Be Healthier
admin234,Chicken and Egg Sandwich,Soups and Sandwiches,"[""2 slices of whole wheat bread"",""1 grilled chicken breast, sliced"",""2 hard boiled eggs"",""1/2 avocado"",""1 small tomato, sliced"",""1 leaf of lettuce"",""Salt and pepper to taste""]","[""Toast the bread to your preference."",""Layer the chicken slices on one slice of bread."",""Layer the egg slices on top of the chicken."",""Add avocado slices and tomato slices."",""Top with a leaf of lettuce."",""Sprinkle salt and pepper to taste."",""Cover with the other slice of bread and enjoy!""]","[""wheat bread"",""chicken breast"",""eggs"",""avocado"",""tomato"",""lettuce"",""Salt and pepper to taste""]",552,41,24,28,"[""Egg Allergy""]",1,0,0,0,1 to 2,1,,Be Healthier
admin179,Indian Fried Bread,"Vegetables, Rice and Tacos","[""1 cup flour"", ""1 tsp baking powder"", ""1/2 tsp salt"", ""1 cup milk""]","[""Make a soft dough, using the first 3 ingredients and a little shortening."", ""Add enough milk to mix; cut this together."", ""Drop by spoonfuls into hot grease; let fry until brown and crisp."", ""Serve hot.""]","[""flour"", ""baking powder"", ""salt"", ""milk""]",606,20.6,9.2,108.2,"[""Lactose Intolerant""]",1,1,1,0,2 to 3,1,,Be Healthier
admin235,Protein Pancakes,Cakes and Pies,"[""1 cup oat flour"",""1 scoop vanilla protein powder"",""1/2 tsp baking powder"",""1/4 tsp salt"",""1/2 cup almond milk"",""2 egg whites"",""1/2 tsp vanilla extract"",""Cooking spray""]","[""In a mixing bowl, combine oat flour, protein powder, baking powder, and salt."",""In a separate bowl, whisk together almond milk, egg whites, and vanilla extract."", ""Add the wet ingredients to the dry ingredients and stir until well combined."",""Heat a non-stick pan or griddle over medium heat and lightly coat with cooking spray."",""Pour 1/4 cup of batter onto the pan for each pancake."",""Cook until the edges begin to dry and the surface begins to bubble."",""Flip and cook for an additional 1-2 minutes until lightly browned."",""Repeat with remaining batter."",""Serve with your choice of toppings, such as fresh fruit, nuts, or a drizzle of honey.""]",,682,46.8,16.9,84.8,"[""None""]",1,0,0,0,1 to 2,1,,Be Healthier
admin167,Salsa,"Vegetables, Rice and Tacos","[""6 tomatoes, diced"", ""4 oz chopped green chilies"", ""1/2 cup green onions, chopped"", ""1 1/2 cup celery, finely diced"", ""2 medium yellow onions, chopped"", ""1 cup chopped parsley"", ""15 oz tomato paste"", ""1 tsp cumin"", ""1 tsp garlic"", ""1 tsp salt"", ""1 tsp pepper""]","[""Mix all ingredients and chill 1 hour before serving."", ""Stir before serving."", ""(Mixture will have the consistency of gelatin if you don't.)""]","[""tomatoes"", ""green chillies"", ""onions"", ""celery"", ""onions"", ""parsley"", ""tomato paste"", ""cumin"", ""garlic"", ""salt"", ""pepper""]",696,34.1,5.3,156.1,"[""None""]",0,1,1,0,2 to 3,1,,Be Healthier
admin236,Banana Nut Muffins,Cakes and Pies,"[""1 1/2 cups all-purpose flour"", ""1 tsp baking soda"", ""1 tsp baking powder"", ""1/2 tsp salt"", ""3 ripe bananas, mashed"", ""3/4 cup white sugar"", ""1 egg"", ""1/3 cup vegetable oil"", ""1/2 cup chopped walnuts""]","[""Preheat oven to 375°F (190°C)."", ""In a large mixing bowl, combine flour, baking soda, baking powder, and salt."", ""In another mixing bowl, mix mashed bananas, sugar, egg, and vegetable oil until well combined."", ""Add wet ingredients to dry ingredients and stir until just combined."", ""Fold in chopped walnuts."", ""Spoon batter into muffin cups and bake for 20-25 minutes or until a toothpick inserted into the center of a muffin comes out clean.""]","[""flour"", ""baking soda"", ""baking powder"", ""salt"", ""banana"", ""white sugar"", ""egg"", ""vegetable oil"", ""chopped walnuts""]",800,30,96,55,"[""Egg Allergy"",""Nut Allergy""]",1,0,0,0,1 to 2,1,,Be Healthier
admin130,Broccoli Salad,Pasta and Salads,"[""1 large head broccoli"", ""0.25 kg shredded boiled chicken"", ""5 green onions sliced"", ""1 tsp black pepper"", ""2 tbsp vinegar""]","[""Trim off large leaves of broccoli and remove the tough ends of lower stalks. Wash the broccoli thoroughly. Cut the florets and stems into bite-size pieces. Place in a large bowl. Add chicken and onions. Combine remaining ingredients, stirring well. Add dressing to broccoli mixture and toss gently.""]","[""broccoli"", ""boiled chicken"", ""sliced"", ""pepper"", ""vinegar""]",823,69.2,40.6,55.6,"[""None""]",0,1,1,0,2 to 3,1,,Be Healthier
admin133,Sweet Roll,Soups and Sandwiches,"[""1 cup milk"", ""1 pkg yeast"", ""1/2 cup sugar"", ""1/2 tsp salt"", ""2 tbsp oil"", ""2 cups floor""]","[""Put flour into a large mixing bowl."", ""Combine sugar, milk, salt and oil in a saucepan and heat to boiling; remove from heat and let cool to lukewarm."", ""Add yeast and mix well."", ""Pour into flour and stir."", ""Batter will be sticky."", ""Roll out batter on a floured board and cut with biscuit cutter."", ""Lightly brush tops with melted oleo and fold over."", ""Place rolls on a cookie sheet, put in a warm place and let rise for 1 hour."", ""Bake at 350C for about 20 minutes""]","[""milk"", ""yeast"", ""sugar"", ""salt"", ""oil"", ""floor""]",900,22.2,38.7,126.5,"[""Lactose Intolerant""]",1,1,1,0,2 to 3,1,,Be Healthier
admin150,Baked French Toast,Soups and Sandwiches,"[""5 large eggs, slightly beaten"", ""1/4 cup sugar"", ""1/4 tsp ground nutmeg"", ""2/3 cup orange juice"", ""1/3 cup cream"", ""1/2 tsp vanilla""]","[""Mix all well in medium bowl and cut one 16 ounce loaf of Italian bread into 1-inch slices. Dip bread into mixture and put into large glass baking dish. Pour any remaining mixture over bread. Refrigerate overnight.""]","[""eggs"", ""sugar"", ""nutmeg"", ""orange juice"", ""cream"", ""vanilla""]",908,34.2,53.7,71.7,"[""Egg Allergy""]",1,0,0,0,2 to 3,1,,Be Healthier
admin140,Sesame Ginger Chicken,Eggs and Meat,"[""1 tbsp sesame seed, toasted"", ""2 tsp grated ginger"", ""2 tbsp honey"", ""2 tbsp soy sauce"", ""1/2 kg skinned chicken breast"", ""1 tbsp olive oil"", ""1/2 cup green onion, chopped""]","[""Combine sesame seeds, ginger, honey and soy sauce in a small bowl, stir well and set aside."", ""Place chicken between 2 sheets of waxed paper or heavy duty plastic wrap, and flatten to 1/4-inch thickness, using meat mallet or rolling pin."", ""Coat grill rack with olive oil; place on grill over coals."", ""Place chicken on rack and cook 4 minutes on each side, basting frequently with soy sauce mixture."", ""Transfer chicken to a serving platter and garnish with green onion, if desired.""]","[""sesame seed"", ""ginger"", ""honey"", ""soy sauce"", ""chicken breast"", ""olive oil"", ""green onion""]",935,117.8,31.4,42.7,"[""None""]",1,1,1,0,2 to 3,1,,Be Healthier
admin143,Pancakes,Cakes and Pies,"[""1 cup flour"", ""1 tsp soda"", ""1 tsp salt"", ""1 tbsp sugar"", ""1 egg"", ""3 tbsp margarine, melted"", ""1 cup buttermilk""]","[""Mix dry ingredients."", ""Add egg, margarine and buttermilk. Stir by hand until well blended."", ""Pour onto non-stick pan or griddle with a little oil added."", ""Cook until bubbly and turn over.""]","[""flour"", ""soda"", ""salt"", ""sugar"", ""egg"", ""margarine"", ""buttermilk""]",966,26.5,41.4,120.7,"[""Lactose Intolerant"", ""Nut Allergy""]",1,1,1,0,2 to 3,1,,Be Healthier
admin134,Potato And Cheese Pie,Pasta and Salads,"[""3 eggs"", ""1 tsp salt"", ""1/4 tsp pepper"", ""3 cup boiled potatoes, shredded"", ""1 cup Cheddar cheese, shredded"", ""1/3 cup green onions""]","[""Beat eggs, salt and pepper until well blended."", ""Stir in potatoes with onions."", ""Pour into well-greased 8-inch baking dish and add cheese on top."", ""Bake in a 400/u00b0 oven for 35 to 40 minutes, or until knife inserted in center comes out clean and potatoes are tender. Cool on rack 5 minutes; cut into squares."", ""Makes 4 large servings.""]","[""eggs"", ""salt"", ""pepper"", ""boiled potatoes"", ""Cheddar cheese"", ""green onions""]",1079,57.7,57.4,84.2,"[""Lactose Intolerant""]",1,1,1,0,2 to 3,1,,Be Healthier
admin142,Sweet and Sour Chicken,Eggs and Meat,"[""2 cup diced cooked chicken"", ""1/2 cup onion (large chunks)"", ""2 cup carrot chunks"", ""1 1/4 cup water"", ""1/4 cup brown sugar"", ""2 tbsp cornstarch"", ""1/4 tsp ginger"", ""2 tbsp vinegar"", ""1 tbsp soy sauce"", ""1 cup green pepper (large chunks)"", ""8 oz pineapple chunks"", ""2 tbsp olive oil""]","[""Saute onion in olive oil."", ""Add carrots and water."", ""Simmer 5 minutes."", ""Combine next 6 ingredients."", ""Add to vegetable mixture and cook until clear."", ""Add pepper, pineapple and chicken."", ""Cover and simmer 5 minutes or until heated through."", ""Serve with rice or angel hair noodles.""]","[""chicken"", ""onion"", ""carrot"", ""water"", ""brown sugar"", ""cornstarch"", ""ginger"", ""vinegar"", ""soy sauce"", ""green pepper"", ""pineapple chunks"", ""olive oil""]",1194,77.1,46.9,118.6,"[""None""]",0,1,1,0,2 to 3,1,,Be Healthier
admin181,Mexican Rice,"Vegetables, Rice and Tacos","[""1 tbsp vegetable oil"", ""1 cup rice"", ""1 small onion, finely chopped"", ""1 large clove garlic"", ""15 oz tomatoes, drained"", ""1 1/2 cup chicken broth"", ""1/2 tsp salt"", ""1 cup peas"", ""1 large carrot""]","[""About 40 minutes before serving, measure the oil into a 1 1/2 to 2-quart saucepan set over medium heat. Add the rice and onion and cook, stirring regularly, until both are lightly browned, 7 to 10 minutes. Mix in the garlic and cook a minute longer.""]","[""oil"", ""rice"", ""onion"", ""garlic"", ""tomatoes"", ""chicken broth"", ""salt"", ""peas"", ""carrot""]",1214,35.3,21.1,220,"[""None""]",0,1,1,0,2 to 3,1,,Be Healthier
admin126,Pepper Steak,Eggs and Meat,"[""1/2 kg beef"", ""2 tomatoes (paste)"", ""1/2 cup onions (diced)"", ""1 1/2 tbsp Worcestershire sauce"", ""2 green peppers (diced)"", ""1/4 cup olive oil"",""1 tsp salt"", ""1 tsp pepper""]","[""Roll steak strips in tomato paste, salt and pepper"", ""Combine onions and marinated steak strips."", ""Cover and simmer for one and a quarter hours."", ""Uncover and stir in Worcestershire sauce."", ""Add green peppers and simmer for 5 minutes.""]","[""beef"", ""tomato paste"", ""onion"", ""Worcestershire sauce"", ""green peppers"", ""olive oil"",""salt"", ""pepper""]",1277,113.5,79.1,35.2,"[""None""]",0,1,1,0,2 to 3,1,,Be Healthier
admin129,Fresh Strawberry Pie,Cakes and Pies,"[""0.5kg cleaned strawberries"", ""1 1/2 c. water"", ""4 Tbsp. cornstarch"", ""1 c. sugar"", ""1/8 tsp. salt"", ""4 Tbsp. strawberry jello""]","[""Mix water, cornstarch, sugar and salt in saucepan."", ""Stir constantly and boil until thick and clear."", ""Remove from heat and stir in jello."", ""Set aside to cool."", ""But don't allow it to set. Layer strawberries in a bowl."", ""Pour cooled glaze over. Continue layering berries and glaze."", ""Refrigerate."", ""Serve with whipped cream.""]","[""strawberries"", ""water"", ""cornstarch"", ""sugar"", ""salt"", ""strawberry jello""]",1278,3.7,1.6,322.7,"[""None""]",1,1,1,0,2 to 3,1,,Be Healthier
admin175,Beef Roast,Eggs and Meat,"[""3 lb meat"", ""1 large onion"", ""4 carrots"", ""4 large potatoes""]","[""Put meat in pan; heat oven to 400/u00b0."", ""Peel onion and cut up; cut up carrots."", ""Peel and cut up potatoes. Wash and cut up celery stick."", ""Put in large pan and cover with Reynolds wrap and cook for 3 1/2 hours.""]","[""meat"",""onion"",""carrots"",""potatoes""]",1297,33.7,2.1,295.2,"[""None""]",0,1,1,0,2 to 3,1,,Be Healthier
admin165,Cabbage Soup,Soups and Sandwiches,"[""6 tbsp butter"", ""4 lb cabbage, shredded"", ""2 onions, chopped"", ""2 tbsp flour"", ""6 cup water"", ""1 cup tomatoes, chopped"", ""2 tbsp lemon juice"", ""2 tbsp sugar"", ""2 tbsp salt"", ""1/2 tsp pepper""]","[""Melt butter in large soup kettle and cook cabbage and onions for about 15 minutes, stirring to keep from sticking. Sprinkle with flour and mix well."", ""Gradually add water, while stirring; heat until mixture reaches boiling point."", ""Add all other ingredients and simmer over low heat for about one hour."", ""Serves 8."", ""Easy to prepare and simply delicious on a cold day."", ""Best served with a pan of corn bread.""]","[""butter"", ""cabbage"", ""onion"", ""flour"", ""water"", ""tomatoes"", ""lemon juice"", ""sugar"", ""salt"", ""pepper""]",1355,29.9,71.7,174.4,"[""Lactose Intolerant""]",0,1,1,0,2 to 3,1,,Be Healthier
admin189,Cucumber Sandwiches,Soups and Sandwiches,"[""8 oz cream cheese"", ""3 tbsp mayo"", ""1 tsp garlic powder"", ""4 slices of bread"", "" 2 whole cucumber slices""]","[""Mix cream cheese, dressing mix and mayo together."", ""Spread on slices of bread."", ""Top with 1 cucumber slice.""]","[""cream cheese"", ""mayonnaise"", ""garlic powder"", ""bread"", ""cucumber slices""]",1398,27,114.8,69,"[""Lactose Intolerant""]",1,1,1,0,2 to 3,1,,Be Healthier
admin146,Chicken Salad,Pasta and Salads,"[""1 cup boiled chicken"", ""2 cup chopped celery"", ""1/2 cup almonds"", ""1 cup chestnuts"", ""1 cup white grapes"", ""1/2 tsp salt"", ""1/8 tsp pepper"", ""1 tsp lemon juice"", ""nonfat mayonnaise""]","[""Boil and shred chicken"", ""Combine all ingredients; chill.""]","[""chicken"", ""chopped celery"", ""almonds"", ""chestnuts"", "" white grapes"", ""salt"", ""pepper"", ""lemon juice"", ""non fat mayonnaise""]",1434,46,92.5,112.5,"[""Lactose Intolerant"", ""Nut Allergy""]",0,1,1,0,2 to 3,1,,Be Healthier
admin238,Breakfast Casserole,Eggs and Meat,"[""8 slices whole wheat bread, cubed"", ""1 pound turkey sausage"", ""1 red bell pepper, chopped"", ""1 green bell pepper, chopped"", ""1 onion, chopped"", ""1 teaspoon garlic powder"", ""1 teaspoon dried basil"", ""1 teaspoon dried oregano"", ""1/2 teaspoon salt"", ""1/4 teaspoon black pepper"", ""2 cups shredded cheddar cheese"", ""8 eggs"", ""2 cups skim milk""]","[""Preheat oven to 350 degrees F (175 degrees C). Lightly grease a 9x13 inch baking dish."", ""Arrange bread cubes in the bottom of the prepared dish."", ""In a skillet over medium heat, cook the turkey sausage until evenly browned. Drain."", ""Layer sausage over the bread cubes. Layer peppers and onion over the sausage, and sprinkle with garlic powder, basil, oregano, salt, and black pepper. Top with shredded cheese."", ""In a medium bowl, beat together eggs and milk. Pour over the cheese layer. Cover, and refrigerate overnight."", ""Remove the dish from the refrigerator 30 minutes before baking. Preheat oven to 350 degrees F (175 degrees C)."", ""Bake covered for 45 minutes. Uncover, and bake for an additional 30 minutes, or until center is set and surface is lightly browned.""]","[""8 slices whole wheat bread, cubed"", ""1 pound turkey sausage"", ""1 red bell pepper, chopped"", ""1 green bell pepper, chopped"", ""1 onion, chopped"", ""1 teaspoon garlic powder"", ""1 teaspoon dried basil"", ""1 teaspoon dried oregano"", ""1/2 teaspoon salt"", ""1/4 teaspoon black pepper"", ""2 cups shredded cheddar cheese"", ""8 eggs"", ""2 cups skim milk""]",1440,87,59,70,"[""None""]",1,1,1,0,1 to 2,1,,Be Healthier
admin148,Apple Pie,Cakes and Pies,"[""6 to 7 apples, sliced"", ""1 cup sugar"", ""2 tbsp flour"", ""1 tsp cinnamon"", ""1/2 tsp salt""]","[""Put in unbaked pie shell."", ""Top apples with 2 tablespoons margarine with crust."", ""Brush milk on top of crust and sprinkle with sugar."", ""Bake on bottom shelf at 400/u00b0 for 45 minutes.""]","[""apples"", ""sugar"", ""flour"", ""cinnamon"", ""salt""]",1452,4.8,2.2,377.4,"[""None""]",0,1,1,0,2 to 3,1,,Be Healthier
admin141,Cheese Ball,Soups and Sandwiches,"[""2 pkg cream cheese"", ""2 cup shredded Cheddar cheese"", ""1 tbsp chopped green pepper"", ""1 tbsp chopped onion"", ""1 tsp lemon juice"", ""2 tsp Worcestershire sauce"", ""1 tsp salt""]","[""Combine softened cream and Cheddar cheeses."", ""Add chopped up items."", ""Mix and add liquids last."", ""Mix well."", ""Roll into ball and cover with chopped nuts.""]","[""cream cheese"", ""Cheddar cheese"", ""green pepper"", ""onion"", ""lemon juice"", ""Worcestershire sauce"", ""salt""]",1515,64.6,134.7,13.9,"[""Lactose Intolerant""]",0,1,1,0,2 to 3,1,,Gain Weight
admin188,Chicken Rolls,"Vegetables, Rice and Tacos","[""2 tbsp melted margarine"", ""3 oz cream cheese"", ""2 cup chicken, cut up"", ""1 tbsp chopped onion"", ""1 tbsp melted margarine"", ""1/4 cup bread crumbs"", ""1/4 tsp salt"", ""1/8 tsp pepper"", ""1 tbsp pimento"", ""2 tbsp milk"", ""1 cup chicken gravy""]","[""Cream together 2 tablespoons melted margarine and cream cheese."", ""Add chicken."", ""When this is mixed well, add salt, pepper, onion, pimento and milk."", ""Mix well."", ""Separate the dough out as (4) much as possible."", ""Place 1/4 chicken mixture onto the middle of each roll; bring all four corners together and seal the sides and top."", ""Brush the sides and top of each with melted margarine and sprinkle with the seasoned bread crumbs."", ""Bake at 350/u00b0 for 20 to 25 minutes or until lightly browned."", ""Serve with chicken gravy over the top."", ""Makes 4 Chicken Rolls.""]","[""margarine"", ""cream cheese"", ""chicken"", ""onion"", ""margarine"", ""bread crumbs"", ""salt"", ""pepper"", ""pimento"", ""milk"", ""chicken gravy""]",1515,66.6,121.2,39.3,"[""Lactose Intolerant""]",0,1,1,0,2 to 3,1,,Gain Weight
admin191,Sweet And Sour Chicken,Eggs and Meat,"[""20 oz can pineapple chunks"", ""1/2 cup brown sugar"", ""1/4 cup cornstarch"", ""1/2 tsp ground ginger"", ""1/2 cup cider vinegar"", ""1/4 cup soy sauce"", ""1 1/4 cup green pepper"", ""1 cup sliced onion"", ""1 cup carrots"", ""2 cup cubed, cooked chicken"", ""2 cup boiled rice""]","[""Drain pineapple, reserve juice."", ""Add enough water to juice to make 3 cups; set aside."", ""Combine brown sugar, cornstarch and ginger in saucepan; gradually stir in reserved juice, vinegar and soy sauce."", ""Bring mixture to a boil, stirring constantly."", ""Add the green pepper, onion, carrots and chicken."", ""Cover and simmer 10 minutes, or until vegetables are tender-crisp."", ""Serve over rice. Makes 6 servings.""]","[""pineapple chunks"", ""brown sugar"", ""cornstarch"", ""ginger"", ""cider vinegar"", ""soy sauce"", ""green pepper"", ""onion"", "" carrots"", ""chicken"", ""rice""]",1754,91,21.2,300,"[""None""]",0,1,1,0,2 to 3,1,,Gain Weight
admin147,Sweet Muffins,Cookies and Doughnuts,"[""1 egg"", ""1/2 cup milk"", ""1/4 cup vegetable oil"", ""1 1/2 cup flour"", ""1/2 cup sugar"", ""2 tsp baking powder"", ""1/2 tsp salt"", ""1 cup blueberries (optional)""]","[""Heat oven to 400/u00b0."", ""Beat egg with fork."", ""Add remaining ingredients except blueberries and stir until flour is moistened. Batter should be lumpy."", ""Add blueberries, if desired."", ""Fill muffin cups 2/3 full."", ""Bake 20 to 25 minutes."", ""Serve warm.""]","[""egg"", ""milk"", ""vegetable oil"", ""flour"", ""sugar"", ""baking powder"", ""salt"", ""blueberries""]",1790,29.7,66.4,272.9,"[""Lactose Intolerant"", ""Egg Allergy""]",1,1,1,0,2 to 3,1,,Gain Weight
admin161,Baked Cheese Sandwiches,Soups and Sandwiches,"[""5 eggs"", ""3 cup milk"", ""1 tsp mustard"", ""8 pieces brown bread"", ""4 cheese slices""]","[""Make 4 cheese sandwiches (with 2 slices of American cheese in each sandwich)."", ""Remove crusts and arrange in baking dish."", ""Mix eggs, milk and dry mustard and pour over sandwiches."", ""Bake in 400/u00b0 oven for 20 minutes or until brown on top.""]","[""eggs"", ""milk"",""mustard"",""brown bread"",""cheese slices""]",1831,102,89.8,151.4,"[""Egg Allergy""]",1,1,1,0,2 to 3,1,,Gain Weight
admin172,Shrimp With Rice,Eggs and Meat,"[""1tbsp butter"", ""1 chopped onion"", ""1 cup sliced mushrooms"", ""1 chopped green pepper"", ""1 1/4 cup rice"", ""1/4 tsp nutmeg"", ""1 tsp salt"", ""1/2 tsp pepper"",  ""3 cup hot water"", ""2 tbsp chopped parsley"", ""2 lb shrimp""]","[""In pan, heat butter; add onion, mushrooms, green pepper, rice, nutmeg, salt and pepper and cook, stirring, until rice is brown."", ""Add hot water, parsley, thyme and bay leaf; cover and cook 10 minutes, depending on size of shrimp."", ""Remove bay leaf and serve immediately.""]","[""butter"", ""onion"", ""mushrooms"", ""green pepper"", ""rice"", ""nutmeg"", ""salt"", ""pepper"",  ""chopped parsley"", ""shrimp""]",1848,203.5,18.4,214.4,"[""Lactose Intolerant"", ""Nut Allergy""]",0,1,1,0,2 to 3,1,,Gain Weight
admin162,Lemon Chicken And Zucchini,Eggs and Meat,"[""1 1/2 lb chicken breasts and thighs"", ""1/4 cup chicken broth"", ""1 tbsp cornstarch"", ""2 tbsp soy sauce"", ""1 tsp sugar"", ""2 tbsp cooking oil"", ""1 tsp grated ginger"", ""3 1/2 cup sliced zucchini"", ""2 tbsp lemon juice""]","["" Cut chicken into 1-inch pieces."", ""Blend chicken broth into cornstarch; stir in soy sauce and sugar."", ""Set aside."",""Cook chicken with ginger, lemon juice and zucchini""]","[""chicken"", ""chicken broth"", ""cornstarch"", ""soy sauce"", ""sugar"", ""cooking oil"", ""ginger"", ""zucchini"", ""lemon juice""]",1871,135.6,132.7,30,"[""None""]",0,1,1,0,2 to 3,1,,Gain Weight
admin190,Chicken Pie,Eggs and Meat,"[""1 can cream of chicken soup"", ""1 cup self-rising flour"", ""1 cup milk"", ""1 stick margarine"", ""1 1/2 cup chicken stock"", ""1 cup carrot"", ""1 cup capsicum""]","[""Grease a baking dish."", ""Place soup, chicken, vegetables and stock on bottom."", ""Mix flour and milk in melted margarine."", ""Pour over chicken mixture."", ""Bake at 400/u00b0 until brown.""]","[""cream of chicken soup"", ""flour"", ""milk"", ""margarine"", ""chicken stock"", ""carrot"", ""capsicum""]",1912,40.3,123.3,161.2,"[""Lactose Intolerant""]",0,1,1,0,2 to 3,1,,Gain Weight
admin144,Potato Salad,Pasta and Salads,"[""4 lb potatoes, cooked"", ""1/2 cup sugar"", ""3 tbsp flour"", ""2 tsp salt"", ""1/4 tsp pepper"", ""1 cup vinegar"", ""1 cup water"", ""4 green onions, sliced""]","[""Peel and cut potatoes in thin slices."",  ""Blend sugar, flour, salt and pepper."", ""Add vinegar and water."", ""Boil 2 to 3 minutes."", ""Combine sauce, potatoes and onions in skillet."", ""Turn skillet off."", ""Cover with a towel (not a lid) and let stand at room temperature 3 or 4 hours.""]","[""potatoes"", ""sugar"", ""flour"", ""salt"", ""pepper"", ""vinegar"", ""water"", ""green onions""]",1932,40.2,2,439.5,"[""None""]",0,1,1,0,2 to 3,1,,Gain Weight
admin163,Cashew Chicken,Eggs and Meat,"[""1 chicken breast"", ""1 green pepper"", ""1 cup cashews"", ""1 pineapple"", ""1 cup peas"", ""3/4 cup water"", ""1 tsp cornstarch"", ""2 tsp soy sauce"", ""1 tsp powdered ginger"", ""2 tbsp peanut oil""]","[""Cut chicken breast into thumb sized cubes; marinate in a soy sauce mixture for 4 to 6 hours (overnight is better)."", ""Add peanut oil in a sauce pan and add chicken in it"",""Add cashews, green pepper, peas, ginger powder and cook for 20 minutes.""]","[""chicken"", ""green pepper"", ""cashews"", ""pineapple"", ""peas"", ""water"", ""cornstarch"", ""soy sauce"", ""powdered ginger"", ""peanut oil""]",1950,101.4,97.5,190.7,"[""Nut Allergy""]",0,1,1,0,2 to 3,1,,Gain Weight
admin183,Pineapple Chicken,Eggs and Meat,"[""4 boneless chicken breasts"", ""2 large cans chunk pineapple"", ""1/4 tsp ginger"", ""3 tbsp peanut oil"", ""2 tbsp soy sauce"", ""1 tbsp sugar"", ""1 tsp salt"", ""2 tbsp cornstarch"", ""2 to 3 cloves garlic, minced""]","[""Add some water to the cornstarch; stir into paste."", ""Set aside. Heat a wok."", ""Add the oil, then the ginger, garlic and chicken. Fry them for a while, then add soy sauce and1 teaspoon sugar."", ""Fry for awhile, then cover the wok."", ""Cook for 4 to 5 minutes."", ""Uncover; fry a little more."", ""Add the pineapple."", ""Fry a little more."", ""Add rest of sugar."", ""Cook for 30 seconds."", ""Add the scallions and fry awhile."", ""At last, add the paste; cook for a few seconds until the paste is cooked."", ""Serves 4 people.""]","[""chicken"", ""pineapple"", ""ginger"", ""peanut oil"", ""soy sauce"", ""sugar"", ""salt"", ""cornstarch"", ""garlic""]",1966,250,70,74.5,"[""Nut Allergy""]",0,1,1,0,2 to 3,1,,Gain Weight
admin166,Chicken Dumplings,Eggs and Meat,"[""1 qt chicken broth"", ""2 cup flour"", ""2 tsp baking powder"", ""1 tsp salt"", ""1 cup milk"", ""2 cups boiled chicken shredded""]","[""Place chicken broth on flame until it boils to form gravy."", ""Mix flour, baking powder and salt."", ""Add milk to form dough fill with chicken"", ""Drop onto boiling broth."", ""Put lid on."", ""Cook about 10 to 15 minutes.""]","[""chicken broth"", ""flour"", ""baking powder"", ""salt"", ""milk"", ""chicken""]",2011,109.8,64.1,238.6,"[""Lactose Intolerant""]",0,1,1,0,2 to 3,1,,Gain Weight
admin131,Spaghetti,Pasta and Salads,"[""1 pack spaghetti noodles"", ""2 tbsp oil"", ""1/4 cup minced garlic"", ""3 tbsp tomato paste"", ""2 green peppers"", ""1 tsp salt"", ""2 tsp soya sauce"",  ""1 tbsp basil"", ""2 tbsp oregano"", ""1 tsp Italian seasoning""]","[""Boil spaghetti with salt and oil"", ""Cook chopped peppers with garlic and tomato paste for 15 mins."", ""Add spaghetti, italian seasoning, soya sauce oregano and basil in the mixture"", ""Mix well and serve.""]","[""spaghetti noodles"", ""oil"", ""minced garlic"", ""tomato paste"", ""green peppers"", ""salt"", ""soya sauce"",  ""basil"", ""oregano"", ""Italian seasoning""]",2078,66.5,36,372.5,"[""None""]",0,1,1,0,2 to 3,1,,Gain Weight
admin196,Chicken Croissants,Eggs and Meat,"[""8 count Dinner Rolls"", ""8 ounces cream cheese"", ""1/4 cup celery"", ""1/4 cup onion"", ""1 cup cooked chicken, shredded"", ""1/4 cup butter""]","[""Mix shredded chicken, cream cheese, celery, and onion."", ""When removing cresent rolls from package, leave together so that two cresent rolls form a square. This will leave you with 4 croissants."", ""Put chicken mixture into center."", ""Bring up each corner and secure together."", ""Dip upside down in melted butter."", ""Sprinkle with croutons."", ""Bake at 350 degrees for 1/2 hour on a cookie sheet."", ""Let set 5 minutes before serving.""]","[""Dinner Rolls"", ""cream cheese"", ""celery"", ""onion"", ""chicken"", ""butter""]",2131,74,148,131,"[""Lactose Intolerant""]",1,1,1,0,2 to 3,1,,Gain Weight
admin173,Chicken Curry,Eggs and Meat,"[""1 kg boneless, skinned chicken breasts"", ""3 tbsp flour"", ""1 tbsp curry powder"", ""4 tbsp oil"", ""1 tbsp sugar"", ""16 oz apricots"", ""1/2 cup chopped onion"", ""1 cup sliced mushrooms"", ""2 tbsp soy sauce"", ""2 tbsp lemon juice""]","[""Rub chicken breasts with curry powder and put in baking dish. Pour on orange juice sweetened with a little honey."", ""Bake until done in very slow oven (or adjust for microwave)."", ""Thicken juices with cornstarch."", ""Serve with brown or white rice."", ""(Slow oven is 300/u00b0 and would take about 1 1/2 hours, depending on the number of chicken breasts.)""]","[""chicken"", ""flour"", ""curry powder"", ""oil"", ""sugar"", ""apricots"", ""chopped onion"", ""sliced mushrooms"", ""soy sauce"", ""lemon juice""]",2138,240.4,85.7,97.8,"[""None""]",1,0,0,0,2 to 3,1,,Gain Weight
admin187,Alabama Chicken,Eggs and Meat,"[""1/2 kg chicken"", ""1 tsp salt"", ""1 tsp pepper"", ""1 tbsp garlic powder"", ""1 cup buttermilk"", ""1 cup flour"", ""2 cup corn oil""]","[""Cut chicken into serving pieces; wash and dry on paper towel. Then sprinkle with salt, pepper and garlic salt."", ""Then dip in buttermilk."", ""Shake in flour in paper bag."", ""Heat oil to 275/u00b0 to 350/u00b0."", ""Then add chicken."", ""Cook until golden brown, turning once. Once done, drain on paper towel."", ""Place on a platter; garnish with parsley, if you desire.""]","[""chicken"", ""salt"", ""pepper"", ""garlic powder"", ""buttermilk"", ""flour"", ""corn oil""]",2200,115.9,102,116,"[""Lactose Intolerant""]",1,1,1,0,2 to 3,1,,Gain Weight
admin138,Three Bean Salad,Pasta and Salads,"[""1 can green beans, wash and drain"", ""1 can yellow beans, wash and drain"", ""1 can kidney beans, wash and drain"", ""1 cup sugar"", ""1/2 cup olive oil"", ""2/3 cup vinegar"", ""1/3 cup water""]","[""Mix together all of sugar, salad oil, vinegar and water until sugar is dissolved."", ""Pour over beans and let stand overnight.""]","[""green beans"", ""yellow beans"", ""kidney beans"", ""sugar"", ""olive oil"", ""vinegar"", ""water""]",2243,30,111.5,288.3,"[""None""]",0,1,1,0,2 to 3,1,,Gain Weight
admin168,Meatball Stew,Eggs and Meat,"[""2 cup cornflakes cereal"", ""1 egg"", ""11 oz beef broth"", ""1/2 tsp salt"", ""1/8 tsp pepper"", ""1 lb ground beef"", ""2 tbsp vegetable oil"", ""1/2 cup tomato paste"", ""1/2 cup water"", ""2 cup sliced carrots"", ""1 onion, sliced and separated into rings"", ""2 potatoes, drained"", ""1/2 cup dried parsley""]","[""Mince beef and add all spices, cornflakes, potatoes, onions, eggs and parsley"",""Create meatballs"",""Add oil, tomato paste, water, beef broth, carrots, onion"", ""Cook for half hour"" ]","[""cornflakes cereal"", ""egg"", ""beef broth"", ""salt"", ""pepper"", ""ground beef"", ""vegetable oil"", ""tomato paste"", ""carrots"", ""onion"", ""potatoes"", ""parsley""]",2326,115,125.7,192.3,"[""Egg Allergy""]",0,1,1,0,2 to 3,1,,Gain Weight
admin197,Tandoori Style Steak,Eggs and Meat,"[""2 tablespoons mustard seeds"", ""2 tablespoons fennel seeds"", ""2 tablespoons cracked black pepper"", ""1 1/2 tablespoons coarse sea salt"", ""1 teaspoon crushed red pepper flakes"", ""1/4 teaspoon cayenne pepper"", ""2 lbs beef steaks"", ""1 tablespoon extra virgin olive oil""]","[""Heat a dry cast iron skillet over medium heat; add mustard seeds, fennel seeds, peppercorns, grains of paradise (of the substitute noted below), and cook, stirring with a wooden spoon, until fragrant and lightly toasted, about 1 to 3 minutes; transfer to a bowl to cool."", ""Grind cooled spices, in a spice grinder or use a mortar and pestle, to a coarse powder; add the salt, pepper flakes, and cayenne."", ""Cut steak into pieces that are bout 1 1/2 inches wide and 3 1/2 inches long; brush with olive oil and generously season with the spice rub."", ""Thread steaks onto skewers, through the narrow end, about 3 pieces per skewer."", ""Heat the tandoor to 500 degrees F (grill or broiler to high); cook kebabs until browned, about 5 minutes for medium rare (for grill or broiler, about 3 to 4 minutes per side)."", ""NOTE: Grains of paradise look like small peppercorns, but taste like a combination of black pepper and allspice. The are sold at specialty markets, like thespicehouse.com. You can substitute 1 tablespoon cracked black pepper and 2 allspice berries (or 1/4 teaspoon ground allspice) to approximate the flavor.""]","[""mustard seeds"", ""fennel seeds"", ""black pepper"", ""coarse sea salt"", ""red pepper flakes"", ""cayenne pepper"", ""beef steaks"", ""olive oil""]",2330,188.1,164,19.2,"[""None""]",0,1,1,0,2 to 3,1,,Gain Weight
admin174,Meat Loaf,Eggs and Meat,"[""1 1/2 lb ground beef"", ""3 slices bread, finely chopped"", ""1 egg"", ""1 cup milk"", ""1 small onion, finely chopped"", ""1 tbsp Worcestershire sauce"", ""1 tsp salt"", ""1/2 tsp dry mustard"", ""1/4 tsp pepper"", ""1/8 tsp garlic powder"", ""1/2 cup ketchup""]","[""Mix all ingredients except the ketchup."", ""Put mixture in a large iron skillet."", ""Spoon ketchup over top."", ""Bake, uncovered, in a 350/u00b0 oven for 1 hour and 15 minutes.""]","[""beef"", ""bread"", ""egg"", ""milk"", ""onion"", ""Worcestershire sauce"", ""salt"", ""mustard"", ""pepper"", ""garlic powder"", ""ketchup""]",2341,141.7,151.5,98.1,"[""Lactose Intolerant"", ""Egg Allergy""]",1,1,1,0,2 to 3,1,,Gain Weight
admin149,Vegetable Soup,Soups and Sandwiches,"[""1 medium onion, diced"", ""1 potato, diced"", ""1 1/2 green peppers, diced"", ""1/2 cup diced celery"", ""1 cup diced carrots"", ""1 cup small macaroni, cooked"", ""1 1/2 lb chicken"", ""14 oz french green beans"", ""1 tsp Italian seasoning"", ""1 cup sweet peas"", ""1 can tomato juice""]","[""Slice the vegetables."", ""Cook in small amount of water until tender."", ""Add the cooked macaroni, green beans and peas."", ""Add Italian seasoning."", ""Cook chicken until it changes color."", ""Add to vegetables."", ""Pour in tomato juice."", ""Bring to boil. Reduce to simmer."", ""If soup is too thick, add more tomato juice.""]","[""onion"", ""potato"", ""green peppers"", ""diced celery"", ""carrots"", ""macaroni"", ""chicken"", ""green beans"", ""Italian seasoning"", ""peas"", ""tomato juice""]",2377,164.4,107.5,192.9,"[""None""]",0,1,1,0,2 to 3,1,,Gain Weight
admin160,Hot Taco Rice,"Vegetables, Rice and Tacos","[""1 lb ground beef"", ""1 onion, chopped"", ""1 1/2 c. salsa sauce"", ""1 cup tomato sauce"", ""1 1/2 cup rice""]","[""Brown meat and onion in skillet; drain."", ""Add salsa and tomato sauce"", ""Boil the rice and mix with sauce, then simmer, covered, for 5 minutes.""]","[""beef"", ""onion"", ""salsa sauce"", ""tomato sauce"", ""cup rice""]",2427,107.5,93.9,283,"[""None""]",0,1,1,0,2 to 3,1,,Gain Weight
admin127,Barbecue Wings,Eggs and Meat,"[""1 kg chicken wings"", ""1 tsp salt"", ""1 tsp chili powder"", ""1 cup flour"", ""2 tbsp barbecue sauce""]","[""Clean wings and marinate with salt and chili powder"", ""Flour and air fry until done."", ""Place chicken wings in microwave bowl."", ""Stir in barbecue sauce."", ""Microwave for 4 minutes.""]","[""chicken wings"", ""salt"", ""chili powder"", ""flour"", ""barbecue sauce""]",2431,188.8,133.4,110.6,"[""None""]",0,1,1,0,2 to 3,1,,Gain Weight
admin186,Creamy Italian Pasta Salad,Pasta and Salads,"[""1 cup mayonnaise"", ""1 clove garlic, minced"", ""2 tbsp vinegar"", ""1 tbsp basil"", ""1 tsp salt"", ""1/4 tsp freshly ground black pepper"", ""1 1/2 cup spiral pasta, cooked, rinsed with cold water and drained"", ""1 cup tomato paste"", ""1/2 cup chopped green pepper"", ""1/2 cup olives""]","[""In a large bowl, combine mayonnaise, vinegar, garlic, basil, salt and pepper."", ""Stir in pasta, cherry tomatoes, green pepper and olives."", ""Cover and chill."", ""Then enjoy.""]","[""mayonnaise"", ""garlic"", ""vinegar"", ""basil"", ""salt"", ""black pepper"", ""macroni"", ""tomato paste"", ""green pepper"", ""olives""]",2503,34,188.8,176.6,"[""Lactose Intolerant""]",0,1,1,0,2 to 3,1,,Gain Weight
admin154,Chicken And Tortilla Casserole,Eggs and Meat,"[""0.5 kg chicken"", ""12 soft tortillas"", ""1 large chopped onion"", ""1 large chopped green pepper"", ""1 can mushroom soup"", ""1 can cream of chicken soup"", ""1/2 tsp chili powder"", ""1/2 tsp garlic salt"", ""1/2 cup Cheddar cheese, grated""]","[""Boil chicken; bone and cut up meat."", ""To the meat, add onion and green pepper."", ""Mix soups, tomatoes, chili powder and garlic salt."", ""Dip each tortilla in chicken broth, then in a buttered 9 x 12-inch baking dish."", ""Place a layer of tortilla, 1/2 the chicken, 1/2 the soup mixture and 1/2 cheese."", ""Repeat layers; bake 30 to 40 minutes in 350/u00b0 oven until cheese melts.""]","[""chicken"", ""tortillas"", ""onion"", ""green pepper"", ""mushroom soup"", ""cream of chicken soup"", ""chili powder"", ""garlic salt"", ""Cheddar cheese""]",2519,140.2,135.7,189.2,"[""Lactose Intolerant""]",1,1,1,0,2 to 3,1,,Gain Weight
admin164,Doughnuts,Cookies and Doughnuts,"[""3 1/4 cup flour"", ""2 tsp baking powder"", ""1/2 tsp cinnamon"", ""1/4 tsp salt"", ""1/4 tsp nutmeg"", ""2 beaten eggs"", ""2/3 cup sugar"", ""1 tsp vanilla"", ""2/3 cup milk"", ""1/4 cup margarine""]","[""Mix ingredients together."", ""Cut and fry in hot grease at 375/u00b0. Cook about 1 minute on each side.""]","[""flour"", ""baking powder"", ""cinnamon"", ""salt"", ""nutmeg"", ""eggs"", ""sugar"", ""vanilla"", ""milk"", ""margarine""]",2641,58.1,62.9,456.2,"[""Lactose Intolerant"", ""Egg Allergy""]",1,1,1,0,2 to 3,1,,Gain Weight
admin132,Taco-Filled Green Pepper,"Vegetables, Rice and Tacos","[""0.5 kg Ground Beef"", ""1 pkg. taco seasoning"", ""1 cup beans"", ""1 onion, chopped"", ""1 cup salsa"", ""4 green peppers"", ""1 medium Tomato, chopped"", ""1/2 cup cheddar cheese, shredded"", ""1/2 cup sour cream""]","[""In a large skillet, brown the ground beef. Drain, stir in taco mix, kidney beans, and salsa. Bring to a boil. Reduce heat, and let simmer for about 5 minutes. Cut peppers in half and clean it. Put peppers in boiling water for 3 minutes- drain- spoon the meat mixture into the green pepper. Put pepper in an ungreased pan. Cover, and bake at 350 degrees for 15 to 20 minutes or until peppers are crispy and filling is heated through. Top with tomatoes, cheese, and sour cream.""]","[""Ground Beef"", ""taco seasoning"", ""beans"", ""onion"", ""salsa"", ""peppers"", ""Tomato"", ""Cheddar cheese"", ""Sour cream""]",2648,159.9,145.4,184.2,"[""Lactose Intolerant""]",0,1,1,0,2 to 3,1,,Gain Weight
admin151,Banana Bread,Soups and Sandwiches,"[""2 eggs"", ""3 bananas, cut in small pieces"", ""1 stick butter, cut in small pieces"", ""1 cup sugar"", ""1 3/4 cup flour"", ""3/4 tsp soda"", ""1 cup chopped nuts (optional)""]","[""Mix eggs, bananas, butter and sugar in blender or food processor."", ""Mix remaining ingredients."", ""Add the two mixtures together."", ""Pour in greased pan and bake at 350/u00b0 for 45 minutes.""]","[""eggs"", ""bananas"", ""butter"", ""sugar"", ""flour"", ""soda"", ""nuts""]",2798,61.3,105,424.4,"[""None""]",1,0,0,0,2 to 3,1,,Gain Weight
admin171,Tortilla Soup,Soups and Sandwiches,"[""2 tbsp oil"", ""1 small onion, chopped"", ""2 lb beef"", ""2 cups tomato paste"", ""1 cup beef broth"", ""1 cup chicken broth"", ""1 tsp chili powder"", ""1 tsp cumin"", ""2 tsp Worcestershire sauce"", ""1 tsp salt"", ""1/2 tsp lemon pepper"", ""4 flour tortillas, cut into 2-inch squares"", ""1/2 cup grated Cheddar cheese""]","[""Saute onion and meat in oil. Add the remainder of the ingredients. Bring to a boil and then simmer for 1 1/2 hours.""]","[""oil"", ""onion"", ""beef"", ""tomato paste"", ""beef broth"", ""chicken broth"", ""chili powder"", ""cumin"", ""Worcestershire sauce"", ""salt"", ""lemon pepper"", ""tortillas"", ""Cheddar cheese""]",2884,263.1,115.4,221.7,"[""Lactose Intolerant""]",0,1,1,0,2 to 3,1,,Gain Weight
admin195,Whole Foods Chickpea Masala,"Vegetables, Rice and Tacos","[""2 tablespoons vegetable oil"", ""1 medium Spanish onion, finely chopped"", ""2 cloves garlic, minced"", ""1 tablespoon fresh ginger, minced"", ""1 medium jalapeno pepper"", ""2 teaspoons curry powder"", ""1 tablespoon garam masala"", ""6 ounce tomato paste"", ""3 cups water"", ""15 ounce chickpeas"", ""2 tablespoons fresh lemon juice"", ""1 tsp salt"", ""4 cups cooked rice""]","[""First, in a large, nonreactive heavy skillet or saute pan, heat oil over med. heat."", ""Add onions and saute approx. 2 mins, until golden brown."", ""Remove from heat and stir in garlic, ginger, jalapenos, curry powder, garam masala, and tomato paste."", ""Return to heat and stir in water."", ""When everything is mixed thoroughly, stir in chickpeas and lemon juice."", ""Bring to a boil, reduce heat, and simmer for 5 minutes."", ""Taste for seasoning, adding salt if necessary."", ""You can serve this immediately, but the flavors are much more enhanced if you allow it to sit for a few hours before you reheat it to just below a simmer and then serve over rice."", ""To serve, place 1/2c cooked rice in a bowl and ladle 1 cup chickpea mixture over rice."", ""Garnish with cilatro if you wish.""]","[""vegetable oil"", ""onion"", ""garlic"", ""ginger"", ""jalapeno pepper"", ""curry powder"", ""garam masala"", ""tomato paste"", ""chickpeas"", ""lemon juice"", ""salt"", ""rice""]",2913,114.3,57.6,501,"[""None""]",0,1,1,0,2 to 3,1,,Gain Weight
admin155,Brownies,Cakes and Pies,"[""1 1/2 cup white sugar"", ""4 tbsp cocoa"", ""2 cup flour"", ""6 eggs"", ""1/2 cup milk"", ""1 tsp vanilla"", ""1/4 tsp salt"", ""1/2 cup nuts""]","[""Mix all ingredients together; add nuts."", ""Pour into a greased and floured cookie sheet."", ""Bake only 23 minutes in a 350/u00b0 oven. Cool and frost.""]","[""sugar"", ""cocoa"", ""flour"", ""eggs"", ""milk"", ""vanilla"", ""salt"", ""nuts""]",2983,78.2,69.2,528.8,"[""Lactose Intolerant"", ""Egg Allergy""]",1,1,1,0,2 to 3,1,,Gain Weight
admin124,Coffee Cake,Cakes and Pies,"[""1 1/2 cup sugar"", ""1/2 cup butter"", ""1 egg"", ""1 cup buttermilk"", ""2 cup flour"", ""1/2 tsp salt"", ""1 tsp soda"", ""1 cup buttermilk"", ""1 tsp. vanilla""]","[""Beat sugar and butter to form a creamy mixture."", ""Add egg and beat well."", ""To creamed mixture, add alternately buttermilk with mixture of flour, salt and soda."", ""Mix well."", ""Add  vanilla."", ""Pour into greased 9 x 13-inch pan and add Topping and bake at 180C for 25 minutes.""]","[""sugar"", ""butter"", ""egg"", ""buttermilk"", ""flour"", ""salt"", ""soda"", ""buttermilk"", ""vanilla essence""]",3058,40.3,100.8,503.8,"[""Lactose Intolerant""]",1,1,1,0,2 to 3,1,,Gain Weight
admin128,Taco Salad Chip Dip,Pasta and Salads,"[""8 oz taco sauce"", ""8 oz sour cream"", ""8 oz cream cheese"", ""0.5 kg ground beef"", ""1 pkg taco seasoning"", ""1 shredded lettuce"", ""1 large diced tomato"", ""1 medium diced onion"", ""1 large diced green pepper"", ""1 cup Cheddar cheese""]","[""Mix taco sauce, sour cream and cream cheese."", ""Spread on pizza pan."", ""Brown meat."", ""Drain off fat and add taco seasoning."", ""Spread over cream mixture."", ""Layer with raw vegetables."", ""Top with cheese. Serve with chips.""]","[""taco sauce"", ""sour cream"", ""cream cheese"", ""ground beef"", ""taco seasoning"", ""lettuce"", ""tomato"", ""onion"", ""pepper"", ""Cheddar cheese""]",3214,142.3,268.5,61.8,"[""Lactose Intolerant""]",0,1,1,0,2 to 3,1,,Gain Weight
admin123,Nut Cookies,Cookies and Doughnuts,"[""1 cup sugar"", ""1/2 cup milk"", ""1/2 tsp vanilla"", ""1/2 cup nuts"", ""2 tbsp butter"", ""3 1/2 cup biscuits""]","[""In a heavy 2-quart saucepan, mix sugar, nuts, milk and butter."", ""Stir over medium heat until mixture bubbles all over top."", ""Boil and stir 5 minutes more. Take off heat."", ""Stir in vanilla and biscuits; mix well."", ""Using 2 teaspoons, drop and shape into 30 clusters on wax paper."", ""Let stand until firm, about 30 minutes.""]","[""sugar"", ""milk"", ""vanilla essence"", ""nuts"", ""butter"", ""biscuits""]",3269,60.2,163,410.2,"[""Lactose Intolerant"", ""Nut Allergy""]",1,1,1,0,2 to 3,1,,Gain Weight
admin137,Chicken Divan,Eggs and Meat,"[""1/4 cup margarine"", ""1/4 cup chopped onion"", ""1/4 cup flour"", ""1/8 tsp curry powder"", ""1 can sliced mushrooms"", ""1 can cream of celery soup"", ""1 large head broccoli"", ""1kg  chicken"",""1/4 cup cheddar cheese""]","[""Melt margarine in skillet; saute onions."", ""Remove from heat."", ""Stir in flour and curry powder."", ""Drain mushrooms and keep juice."", ""Add water to juice to make 1/2 cup liquid."", ""Stir liquid and soup into flour mixture; add mushrooms."", ""Cook until thick."", ""Arrange broccoli and cubed chicken in a large baking dish. Spoon sauce over chicken."", ""Top with grated cheese."", ""Bake in a 350/u00b0 oven for about 20 minutes or in microwave until cheese is melted.""]","[""margarine"", ""onion"", ""flour"", ""curry powder"", ""sliced mushrooms"", ""cream of celery soup"", ""broccoli"", ""chicken"",""cheddar cheese""]",3327,225.7,224.1,107.2,"[""Lactose Intolerant""]",0,1,1,0,2 to 3,1,,Gain Weight
admin135,Chicken Stew,Eggs and Meat,"[""3 lb chicken, boiled"", ""4 medium potatoes, diced"", ""2 medium onions, chopped"", ""16 oz corn"", ""16 oz peas"", ""16 oz beans"", ""16 oz tomatoes"", ""1 small box macaroni"", ""1 tbsp black pepper"", ""1 tbsp salt"", ""1 tbsp sugar""]","[""Remove chicken from bone."", ""Use the broth."", ""Boil the macroni and mix the vegetables and macaroni."", ""Add sugar, salt and black pepper."", ""Cook until all vegetables are tender over medium heat.""]","[""chicken"", ""potatoes"", ""onions"", ""corn"", ""peas"", ""beans"", ""tomatoes"", ""macaroni"", ""black pepper"", ""salt"", ""sugar""]",3345,276,129,500,"[""None""]",0,1,1,0,2 to 3,1,,Gain Weight
admin185,Indian Tacos,"Vegetables, Rice and Tacos","[""2 lb ground beef"", ""2 tsp taco seasoning"", ""Indian Fry Bread"", ""1 lettuce, shredded"", ""2 tomato, chopped"", ""1 onion, chopped"", ""1/2 cup cheddar cheese, shredded"", ""1 cup sour cream"", ""1 cup salsa""]","[""Brown beef in a skillet, crumbling."", ""Drain grease, then add taco seasoning according to directions on the envelope."", ""Spoon over a piece of fry bread and top with any of the following desired: lettuce, tomato, onion, cheese, sour cream, salsa.""]","[""ground beef"", ""taco seasoning"", ""Indian Fry Bread"", ""1 lettuce"", ""tomatoes"", ""onion"", ""cheddar cheese"", ""sour cream"", ""salsa""]",3380,193,252,81.4,"[""None""]",1,1,1,0,2 to 3,1,,Gain Weight
admin145,Pasta Chicken Salad  ,Pasta and Salads,"[""3 1/2 cup macroni"", ""2 cub cubed chicken"", ""2 cup fresh, raw broccoli flowerets"", ""2 cup fresh cauliflower"", ""1 cup sliced carrots"", ""1 cup sliced green onions"", ""1/2 lb fresh mushrooms, sliced"", ""1 cup reduced calorie creamy Italian salad dressing"", ""3/4 cup skim milk"", ""1 tsp salt"", ""1 tsp pepper""]","[""Cook macaroni according to package directions."", ""Drain and cool (rinse with cold water to cool quickly, then drain well). Combine macaroni large shells with remaining ingredients and toss lightly."", ""Chill.""]","[""macroni"", ""chicken"", ""broccoli"", ""cauliflower"", ""carrots"", ""green onions"", ""mushrooms"", ""Italian salad dressing"", ""skim milk"", ""salt"", ""pepper""]",3407,125.8,175.9,340.6,"[""Lactose Intolerant""]",0,1,1,0,2 to 3,1,,Gain Weight
admin159,Lemon Chicken,Eggs and Meat,"[""1 whole chicken"", ""3 large lemons"", ""1 stick butter"", ""1 tsp oregano""]","[""Preheat oven to 400/u00b0."", ""Cut up chicken and place in a pan. Melt butter and squeeze fresh lemon juice into butter."", ""Baste chicken."", ""Sprinkle with oregano and bake at 400/u00b0 for 1 hour.""]","[""chicken"",""lemon"",""butter"",""oregano""]",3456,226.6,273.1,21,"[""Lactose Intolerant""]",0,1,1,0,2 to 3,1,,Gain Weight
admin182,Sweet Potato Pudding,"Vegetables, Rice and Tacos","[""2 cup mashed sweet potatoes"", ""2 eggs"", ""1 1/2 cup butter"", ""3/4 cup brown sugar"", ""1/2 cup flour"", ""1/4 cup orange juice"", ""1 tsp vanilla"", ""1 orange slices""]","[""Combine all ingredients except orange slices."", ""Place in a greased baking dish."", ""Place orange slice on top of pudding."", ""Bake at 350/u00b0 for 30 minutes or until slightly brown around the edges.""]","[""sweet potatoes"", ""eggs"", ""butter"", ""brown sugar"", ""flour"", ""orange juice"", ""vanilla"", ""orange slices""]",3483,25.1,285.3,218,"[""Egg Allergy"",""Lactose Intolerant""]",1,1,1,0,2 to 3,1,,Gain Weight
admin153,Cheese Cake,Cakes and Pies,"[""1 1/2 cup graham cracker crumbs"", ""1/2 cup butter"", ""1/4 tsp cinnamon"", ""1/4 cup sugar"", ""16 oz cream cheese"", ""1/3 cup milk"", ""1/2 cup sugar"", ""3 eggs"", ""4 tbsp lemon juice""]","[""Grease a spring-form pan (you can use a 13 x 9-inch pan) and pat mixture of graham cracker crumbs, butter, cinnamon and 1/4 cup sugar in bottom and a little up the sides of the pan.""]","[""graham cracker crumbs"", ""butter"", ""cinnamon"", ""sugar"", ""cream cheese"", ""milk"", ""sugar"", ""eggs"", ""lemon juice""]",3592,52,283.1,225.9,"[""Lactose Intolerant"", ""Egg Allergy""]",1,1,1,0,2 to 3,1,,Gain Weight
admin136,Biscuits,Cookies and Doughnuts,"[""5 cup flour"", ""3 tbsp sugar"", ""4 tsp baking powder"", ""1 1/2 pkg dry yeast"", ""2 cup milk"", ""1 tsp soda"", ""1/2 cup margarine"", ""1/2 cup warm water""]","[""Mix flour, sugar, baking powder, soda and salt together."", ""Cut in margarine, dissolve yeast in warm water."", ""Stir into buttermilk and add to dry mixture."", ""Cover and chill.""]","[""flour"", ""sugar"", ""baking powder"", ""dry yeast"", ""milk"", ""soda"", ""margarine""]",3708,102,116.5,565.8,"[""Lactose Intolerant""]",1,1,1,0,2 to 3,1,,Gain Weight
admin193,Almond Chicken And Rice Casserole,Eggs and Meat,"[""2 cups long grain rice"", ""10 oz cream of mushroom soup"", ""4 -5 boneless skinless chicken breasts"", ""3 -4 tablespoons butter"", ""1/2 cup milk"", ""1/2 cup parmesan cheese"", ""4 sliced almonds"", ""1/4 cup parsley""]","[""Melt butter and add soups and milk. Reserve 1 C soup mixture. Add rice to remaining soup mixture. Pour into 9x13 baking dish. Cut chicken breasts into thirds and place on top of rice and soup. Pour remaining cup of soup over all. Sprinkle with parmesan cheese, parsley and almonds on top. Bake covered at 350 degrees for about 1 1/2 hours. Check after one hour and stir rice.""]","[""rice"", ""cream of mushroom soup"", ""chicken"", ""butter"", ""milk"", ""parmesan cheese"", ""almonds"", ""parsley""]",3799,337.9,115.5,325.4,"[""Lactose Intolerant""]",0,1,1,0,2 to 3,1,,Gain Weight
admin178,Fettuccine Alfredo,Pasta and Salads,"[""1/2 cup butter"", ""2 cups heavy cream"", ""1/8 tsp garlic powder"", ""1/8 tsp black pepper"", ""12 oz fettuccine pasta"", ""1/4 cup grated parmesan cheese""]","[""Melt the butter in a medium saucepan over medium heat."", ""Add the cream, garlic powder, and pepper and simmer for 10 - 12 minutes or until thick."", ""At the same time, bring 4 - 6 quarts of water to a boil and add the pasta.""]","[""butter"", ""heavy cream"", ""garlic powder"", ""black pepper"", ""fettuccine pasta"", ""parmesan cheese""]",3866,68.5,282.9,269.1,"[""Lactose Intolerant""]",0,1,1,0,2 to 3,1,,Gain Weight
admin156,Date Cake,Cakes and Pies,"[""2 cups dates, cut fine"", ""1 tsp baking soda"", ""1 cup hot water"", ""1/2 cup margarine"", ""1 cup sugar"", ""1/2 tsp salt"", ""1/2 cup walnuts"", ""1 egg"", ""1 1/2 cup flour""]","[""Sprinkle dates with baking soda and cover with hot water."", ""Let stand until cool."", ""Cream margarine, sugar and egg."", ""Add dry ingredients, nuts and dates."", ""Pour into lightly greased 8 x 8-inch pan and bake at 350/u00b0 for at least 45 minutes.""]","[""dates"", ""baking soda"", ""water"", ""margarine"", ""sugar"", ""salt"", ""walnuts"", ""egg"", ""flour""]",3960,42.2,136.1,689.7,"[""Nut Allergy"", ""Egg Allergy""]",1,1,1,0,2 to 3,1,,Gain Weight
admin180,Cheesy Chicken,Eggs and Meat,"[""3 whole chicken breasts"", ""1 cup cream"", ""8 oz cheddar cheese"", ""1/2 lb margarine""]","[""Arrange chicken in baking dish."", ""Place a slice of cheese on each piece of chicken."", ""Cover with soup and pour melted margarine over all."", ""Top with stuffing mix."", ""Bake, uncovered, at 250/u00b0 for 2 hours."", ""Serves 6.""]","[""chicken"", ""cream"", ""cheddar cheese"", ""margarine""]",3994,177.2,361.5,11.2,"[""Lactose Intolerant""]",0,1,1,0,2 to 3,1,,Gain Weight
admin152,Fruit Cake,Cakes and Pies,"[""3 eggs"", ""1 1/2 cups flour"", ""1/4 tsp salt"", ""1 cup sugar"", ""1/2 tsp baking powder"", ""6 oz chocolate chips"", ""2 cup chopped nuts"", ""1 cup cherries""]","[""Beat eggs; stir in sugar."", ""Sift flour, baking powder and salt. Combine with chocolate chips, nuts and cherries."", ""Fold in egg-sugar mixture."", ""Pour into well-greased and floured loaf pans. Place pan of water on bottom rack of oven and loaf pans on top rack."", ""Bake at 325/u00b0 for 1 to 1 1/2 hours.""]","[""eggs"", ""flour"", ""salt"", ""sugar"", ""baking powder"", ""chocolate chips"", ""chopped nuts"", ""cherries""]",4211,92.6,195.1,552.4,"[""Egg Allergy""]",1,1,1,0,2 to 3,1,,Gain Weight
admin169,Lasagna,Pasta and Salads,"[""1/2 lb Italian sausage"", ""1 lb ground beef or chicken"", ""1/2 large onion"", ""1/2 green pepper"", ""1/4 cup celery"", ""1/2 tsp oregano"", ""1/4 tsp garlic"", ""1 tsp salt"", ""1 tsp pepper"", ""1 large tomato"", ""1 cup tomato paste"", ""1 cup Mozzarella cheese"", ""1 cup Parmesan cheese"", ""10 lasagna noodles""]","[""Simmer beef and sausage until brown."", ""Drain all fat."", ""Simmer onion, pepper and celery until tender."", ""Add to beef mixture."", ""Add oregano, salt, pepper and garlic, tomatoes, and tomato paste"", ""Simmer while cooking noodles."", ""Layer sauce, noodles, Mozzarella, parmesan cheese and sauce."", ""Should make 3 layers."", ""Bake at 375/u00b0 for 35 minutes."", ""Let cool 10 minutes.""]","[""Italian sausage"", ""beef or chicken"", ""onion"", ""green pepper"", ""celery"", ""oregano"", ""garlic"", ""salt"", ""pepper"", ""tomato"", ""tomato paste"", ""Mozzarella cheese"", ""Parmesan cheese"", ""lasagna noodles""]",4269,256.1,268.8,206.9,"[""Lactose Intolerant""]",0,1,1,0,2 to 3,1,,Gain Weight
admin192,Grilled Chicken With Penne Pasta And Fresh Cooked Vegetables,Pasta and Salads,"[""1 lb chicken breast"", ""1 lb penne pasta"", ""4 cups fresh Baby Spinach"", ""1 eggplant, cut in 1 ' dice"", ""2 yellow squash, cut lengthwise in half and sliced"", ""1 cup cherry tomatoes"", ""4 ounces sun-dried tomatoes"", ""1/2 cup extra virgin olive oil"", ""2 garlic cloves, chopped"", ""1/4 teaspoon dried oregano leaves, crumbled"", ""1 teaspoon black pepper"", ""1/2 cup parmesan cheese"", ""1 tsp salt""]","[""Grill chicken and cut into 2/"" pieces and set aside."", ""Cook Pasta to a soft bite, toss with a little EVOO and set aside."", ""Heat the EVOO in a large saute pan on a medium flame, add garlic, then add spinach and cook to soft and bright green I color, set aside."", ""Heat the EVOO in a large saute pan on a medium flame and add eggplant, zucchini, sun dried tomatoes, and cherry tomatoes. Cook until all vegetables are tender."", ""In a large bowl toss the grilled chicken, pasta, and cooked vegetables, add salt & pepper to taste."", ""Garnish with parsley and grated Parmesan cheese.""]","[""chicken"", ""macroni"", ""Spinach"", ""eggplant"", ""yellow squash"", ""tomatoes"", ""olive oil"", ""garlic"", ""oregano"", ""black pepper"", ""parmesan cheese"", ""salt""]",4305,219,152,38,"[""None""]",0,1,1,0,2 to 3,1,,Gain Weight
admin158,Mexican Chicken,Eggs and Meat,"[""3 cup cubed chicken"", ""8 oz shredded cheddar cheese"", ""12 oz corn"", ""1 cup cream"", ""1 cup flour"", ""1 tsp baking powder"", ""1 tsp chili powder"", ""1 cup milk"", ""1/2 cup margarine"", ""3 eggs"", ""1/4 cup chopped onion"", ""4 oz green chillies""]","[""Heat oven to 350/u00b0."", ""Grease 13 x 9-inch baking dish."", ""In large bowl, combine chicken, 1 cup cheese, corn and cream; blend well. Spoon into prepared dish."", ""Combine other ingredients in order listed."", ""Mix until just moistened."", ""Batter will be lumpy."", ""Pour over chicken mixture."", ""Bake 50 to 60 minutes."", ""Sprinkle with cheese."", ""Return to oven to melt cheese."", ""Let stand 10 minutes before serving.""]","[""chicken"", ""cheddar cheese"", ""corn"", ""cream"", ""flour"", ""baking powder"", ""chili powder"", ""milk"", ""margarine"", ""eggs"", ""onion"", ""green chillies""]",4600,188.7,345.1,199,"[""Lactose Intolerant""]",0,1,1,0,2 to 3,1,,Gain Weight
admin170,Stuffed Chicken,Eggs and Meat,"[""6 chicken breasts"", ""1/8 tsp garlic powder"", ""1/8 tsp pepper"", ""11 oz cream"", ""1/4 cup milk"", ""2 cup herb seasoned stuffing mix"", ""1/4 cup butter, melted"", ""6 slices cheddar cheese""]","[""Place chicken in greased 13 x 9 x 2-inch baking dish. Sprinkle with garlic powder and pepper."", ""Top each breast with cheese slice; set aside."", ""Combine soup and milk; stir until smooth."", ""Pour over chicken."", ""Sprinkle with stuffing mix and drizzle with butter."", ""Bake at 350/u00b0 for 50 minutes.""]","[""chicken breasts"", ""garlic powder"", ""pepper"", ""cream"", ""milk"", ""herb seasoned stuffing mix"", ""butter"", ""cheddar cheese""]",4603,429,267,101.3,"[""Lactose Intolerant""]",0,1,1,0,2 to 3,1,,Gain Weight
admin184,Chilli-Chicken and Noodle,Pasta and Salads,"[""16 oz noodles"", ""1/2 cup chopped onion"", ""2 tbsp margarine"", ""3 cans mushroom soup"", ""2 tbsp chopped chili pepper (or other peppers)"", ""3 to 4 cup chicken"", ""1 tsp salt"", ""1 tsp pepper"", ""2 to 3 cup shredded Cheddar cheese""]","[""Cook noodles and drain."", ""Cook onion in margarine in skillet until soft, then stir in soup, and chili pepper."", ""Grease 9 x 13-inch casserole dish."", ""Layer 1/2 noodles, 1/2 the chicken and season with salt and pepper."", ""Top with half the soup mixture and half the cheese."", ""Repeat layers."", ""Bake, uncovered, at 350/u00b0 for 45 minutes."", ""Serves 8 to 12.""]","[""noodles"", ""onion"", ""margarine"", ""mushroom soup"", ""chili pepper"", ""chicken"", ""salt"", ""pepper"", ""Cheddar cheese""]",4675,234,246,380,"[""Lactose Intolerant""]",0,1,1,0,2 to 3,1,,Gain Weight
admin176,Spicy Peanut Chicken,Eggs and Meat,"["" 6 chicken breasts"", ""8 oz Russian salad dressing"", ""10 oz apricot preserves"", ""1 tsp lemon pepper"", ""2 tbsp peanut butter"", ""1/4 cup chopped roasted peanuts"", ""3 cup cooked rice""]","[""Place chicken in greased baking dish, skin side up."", ""Mix all other ingredients and pour over chicken."", ""Bake 1 hour and 10 minutes in a preheated 350/u00b0 oven or until very tender."", ""Serve over a bed of rice."", ""Spoon extra sauce on rice, if desired. Garnish with parsley, tomatoes, spring onions or bell pepper.""]","[""chicken"", ""Russian salad dressing"", ""apricot"", ""lemon pepper"", ""peanut butter"", ""roasted peanuts"", ""rice""]",4685,399,193,336.6,"[""None""]",0,1,1,0,2 to 3,1,,Gain Weight
admin194,Slow Cooker Chili,Eggs and Meat,"[""2 lbs ground beef"", ""1 medium yellow onion, chopped"", ""1 green bell pepper, chopped"", ""2 garlic cloves, minced"", ""15 ounce diced tomatoes"", ""1/8 cup chili powder"", ""1/2 tablespoon sugar"", ""1/2 teaspoon salt"", ""1/2 teaspoon black pepper"", ""1/4 teaspoon paprika"", ""1/4 teaspoon red pepper"", ""1 bay leaf"", ""15 ounce red kidney beans"", ""1 cup sour cream"", ""1/2 cup chopped green onion"", ""1/2 cup shredded cheddar cheese"", ""1/2 cup sliced black olives""]","[""In a large skillet over medium-high heat, brown the ground beef. Crumble, drain and place in a 6 quart or larger slow cooker."", ""Stir in the onion through kidney beans."", ""Cover and cook on High for 5 to 6 hours or on Low 7 to 8 hours. REMOVE AND DISCARD THE BAY LEAF. Serve with desired toppings and some cornbread.""]","[""beef"", ""onion"", ""green bell pepper"", ""garlic"", ""tomatoes"", ""chili powder"", ""sugar"", ""salt"", ""black pepper"", ""paprika"", ""red pepper"", ""bay leaf"", ""red kidney beans"", ""sour cream"", ""green onion"", ""cheddar cheese"", "" black olives""]",4713,280,262,321.6,"[""None""]",0,1,1,0,2 to 3,1,,Gain Weight
admin177,Fried Rice,"Vegetables, Rice and Tacos","[""3 lb chicken"", ""3 cup rice"", ""6 eggs"", ""1 tsp salt"", ""1 1/2 tsp soy sauce"", ""1 green onion"", ""1 cup cream of mushroom soup""]","[""Boil chicken; bone and dice meat."", ""Boil rice in leftover chicken broth (about 4 cups)."",  ""Melt the Crisco; heat it hot and add the eggs (well beaten) slowly, stirring vigorously to break up small."", ""Mix all ingredients together and add chopped onions, salt and soy sauce to taste."", ""Serve hot and top with undiluted cream of mushroom soup.""]","[""chicken"", ""rice"", ""eggs"", ""salt"", ""soy sauce"", ""green onion"", ""mushroom soup""]",5608,328.5,246.3,484.5,"[""Egg Allergy""]",0,1,1,0,2 to 3,1,,Gain Weight
